Campaign_Name,Campaign_Objective,Campaign_Interaction_Type,Campaign_Conversion_Type,Campaign_Brand,Campaign_Brand_Type,Campaign_Sector,Campaign_Subsector,Campaign_Served_Country,Campaign_ID,Campaign_KPI,Campaign_Audience,Campaign_Duration,Campaign_Seasonality_Target,Client_Name,Client_Region,Client_Sector,Client_Relationship,Source_game_key,,Source_url,,Source_full_url,Ad_Type,Ad_Interaction,Ad_Build_Type,Ad_Video,Ad_Slideshow,Ad_target_audience,Ad_environment,Ad_format,Ad_KPI,Ad_eng_rate,Ad_eng_rate_>_benchmark,Ad_CTR,Ad_CTR_ >_ benchmark,Ad_VTR,Ad_VTR_>_benchmark,Ad_Interaction_changes,Ad_interaction_type_new,Ad_margins,Ad_BIO_recency
"McDonalds 
Happy Meal Book",,,,,,Food & Drink,Food & Drink,,,,,,,,,,,,https://wat.adludio.com/games/,adunit-mcdonalds-happymeal-book-fr-mob/61cdd1d42e34e8ab8c66,/game.js,https://wat.adludio.com/games/adunit-mcdonalds-happymeal-book-fr-mob/61cdd1d42e34e8ab8c66/game.js,,‚óæÔ∏èüëÜ Drag around,non-standard,‚Äì,‚Äì,"Children A5-12
Fans of Mcdonalds ",Display,Full Screen,Engagement/dwell time,N/A,N/A,N/A,N/A,N/A,N/A,No,,,
"McDonalds 
Happy Meal Book Fr Mob",,,,,,,,,,,,,,,,,,,https://wat.adludio.com/games/,adunit-mcdonalds-happymeal-book-fr-mob/61cdd1d42e34e8ab8c66,/game.js,https://wat.adludio.com/games/adunit-mcdonalds-happymeal-book-fr-mob/61cdd1d42e34e8ab8c66/game.js,,,,,,,,Full Screen,,,,,,,,,,,
Mcdonalds Happymeal Summer2019 Book Fr Mob,,,,,,,,,,,,,,,,,,,https://wat.adludio.com/games/,adunit-mcdonalds-happymeal-summer2019-book-fr-mob/20be2cf0d0fa262d8989,/game.js,https://wat.adludio.com/games/adunit-mcdonalds-happymeal-summer2019-book-fr-mob/20be2cf0d0fa262d8989/game.js,,,,,,,,Full Screen,,,,,,,,,,,
Mcdonalds Happymeal Summer2019 Book Fr Mob V2,,,,,,,,,,,,,,,,,,,https://wat.adludio.com/games/,adunit-mcdonalds-happymeal-summer2019-book-fr-mob-v2/d8989a43aca0ec7c3c0e,/game.js,https://wat.adludio.com/games/adunit-mcdonalds-happymeal-summer2019-book-fr-mob-v2/d8989a43aca0ec7c3c0e/game.js,,,,,,,,Full Screen,,,,,,,,,,,
Pan-n-ice,,,,,,Food & Drink,Food & Drink,,,,,,,,,,,,https://wat.adludio.com/games/,adunit-pan-n-ice-smile-more/75210d14929141230592,/game.js,https://wat.adludio.com/games/adunit-pan-n-ice-smile-more/75210d14929141230592/game.js,GAME,"‚¨ÖÔ∏èüì±‚û°Ô∏è Tilt left or right
Game",non-standard,‚Äì,‚Äì,"Aims for A12-35
appealing to the game aspect
appealing to fans of sweets",Social,Full Screen,Clicks,90.66%,Yes,77.93%,Yes,N/A,N/A,No,N/A,,
"Holland & Barret 
(Vegan Your Way)",,,,,,Health and Wellbeing,Food & Drink,,,,,,,,,,,,https://wat.adludio.com/games/,6d0034eb9a7dbab1aeb7619a865cfa07/68fe2d7593d75e743b68,/game.js,https://wat.adludio.com/games/6d0034eb9a7dbab1aeb7619a865cfa07/68fe2d7593d75e743b68/game.js,,üì≥ Shake,standard,‚Äì,YES,"A18-30
Vegan",Social,Full Screen,Clicks,81.55%,Yes,43.17%,Yes,N/A,N/A,No,N/A,,
"Accor Hotels 
Singapore Startover",,,,,,Hotels,Tourism,,,,,,,,,,,,https://wat.adludio.com/games/,a711aeab06d67f9fdbabe7a6b0a5c0ce/2aca3ade2e027001f08d,/game.js,https://wat.adludio.com/games/a711aeab06d67f9fdbabe7a6b0a5c0ce/2aca3ade2e027001f08d/game.js,,‚¨ÖÔ∏è Swipe left,standard,‚Äì,YES,"Business and leisure travellers 
families 
interest and intent to travel to Singapore",Display,Full Screen,Engagement rate and CTR,46.33%,YES,6.33%,YES,,,YES,Decreased engagement area to prevent engagement rate from getting too high,96.31,
Hep 20,,,,,,Construction/DIY,,,,,,,,,,,,,https://wat.adludio.com/games/,6cf5f596115586c54141324c49dc858d/34b196fd79e6eaf2bea0,/game.js,https://wat.adludio.com/games/6cf5f596115586c54141324c49dc858d/34b196fd79e6eaf2bea0/game.js,,‚¨áÔ∏è Swipe down,standard,‚Äì,‚Äì,"adults
plummers
A20-46",Display,Full Screen,clicks ,44.96%,Yes,5.45%,Yes,N/A,N/A,No,N/A,96.79%,
"Co-op 
Christmas 2018",,,,,,Food & Drink,,,,,,,,,,,,,https://wat.adludio.com/games/,adunit-coop-xmas-crack-mobile/48e6414f46033ca22f28,/game.js,https://wat.adludio.com/games/adunit-coop-xmas-crack-mobile/48e6414f46033ca22f28/game.js,,‚¶øüëÜTap,standard,YES,YES,"A25-50
Co-op customers
other supermarket chain customers ",Display,Full Screen,Clicks,36.66%,Yes,36.64%,Yes,N/A,N/A,No,N/A,92.51%,
"BMW 
(3 Series Update)",,,,,,Automotive,,,,,,,,,,,,,https://wat.adludio.com/games/,3278066ac42b63405b4804cefdf88a69/b3a99b05bf63a0df8408,/game.js,https://wat.adludio.com/games/3278066ac42b63405b4804cefdf88a69/b3a99b05bf63a0df8408/game.js,,üîò Press & Hold,standard,‚Äì,YES,"People 30+, Income $8k, Automotive 
Enthusiasts, Interests in Competitor Brand, 
Competitor interest segments & showrooms.",Display,Full Screen,Engagement rate and CTR,36.07%,YES,22.02%,YES,,,NO,,,
"BMW 
(3 Series Update)",,,,,,,,,,,,,,,,,,,https://wat.adludio.com/games/,6cbd8db3817d6530e8a8bcd90f132d49/58591cd38e0e46644883,/game.js,https://wat.adludio.com/games/6cbd8db3817d6530e8a8bcd90f132d49/58591cd38e0e46644883/game.js,,üîò Press & Hold,,,,,,MPU,,,,,,,,,,,
Estee Lauder Lunar,,,,,,Beauty,,,,,,,,,,,,,https://wat.adludio.com/games/,bcba23d257ea3245230f6022661fbcda/cfebe9dbaeeef0482f6d,/game.js,https://wat.adludio.com/games/bcba23d257ea3245230f6022661fbcda/cfebe9dbaeeef0482f6d/game.js,,üîò Press & Hold,standard,YES,‚Äì,"FEMALES, AGED 18+.
High income ",Display,Full Screen,Engagement rate,34.31%,Yes,,,,,,,92.57%,
"Three Mobile - 
(Pay as you go with 
benefits)",,,,,,Technology,,,,,,,,,,,,,https://wat.adludio.com/games/,adunit-three-mobile-payg-social/80b1d1ae88fe7d683521,/game.js,https://wat.adludio.com/games/adunit-three-mobile-payg-social/80b1d1ae88fe7d683521/game.js,GAME,"‚¨ÖÔ∏èüì±‚û°Ô∏è Tilt left or right
Game",non-standard,‚Äì,‚Äì,"existing Three mobile customers
adults A18-25
easy to use pay as you go scheme",Social,Full Screen,Engagement ,N/A,N/A,N/A,N/A,N/A,N/A,,,100%,
"BBC 
(Luther Season 5)",,,,,,"TV, online streaming,
movies",,,,,,,,,,,,,https://wat.adludio.com/games/,67c06b842ba7a768a735f56f8cc9f4ed/0ee4e9a03617bdcd1534,/game.js,https://wat.adludio.com/games/67c06b842ba7a768a735f56f8cc9f4ed/0ee4e9a03617bdcd1534/game.js,,üîò Press & Hold,standard,‚Äì,‚Äì,"Adults A16+
fans of the series and of detective tv shows",Social,Full Screen,Engagements,33.84%,Yes,32.59%,Yes,N/A,N/A,No,N/A,100%,
"Network Rail 
(Christmas Intoxication)",,,,,,Governement,,,,,,,,,,,,,https://wat.adludio.com/games/,e223d29bb0dcc019943fd808c5f1e018/79a94c7f053bbbaebc96,/game.js,https://wat.adludio.com/games/e223d29bb0dcc019943fd808c5f1e018/79a94c7f053bbbaebc96/game.js,,üîò Press & Hold,standard,‚Äì,‚Äì,"Adults, drinkers
safety over rails",,Full Screen,,,,,,,,,,87.95%,
"Network Rail 
MML Safety",,,,,,Governement,,,,,,,,,,,,,https://wat.adludio.com/games/,c2ac1d03d436e84ceeca6bf720dfb862/9ee6e0c19dc460e868c6,/game.js,https://wat.adludio.com/games/c2ac1d03d436e84ceeca6bf720dfb862/9ee6e0c19dc460e868c6/game.js,,‚óæÔ∏èüëÜüî≤ Drag & Drop,standard,YES,‚Äì,"Shock advertising (literally)
train users",Display,Full Screen,Clicks,13.49%,No,13.18%,Yes,40.16%,Yes,Yes,Showing CTA earlier,70.02%,
"Banyan Tree 
Angsana",,,,,,Tourism,,,,,,,,,,,,,https://wat.adludio.com/games/,adunit-banyan-treeangsana/946d097260263be2e8e3,/game.js,https://wat.adludio.com/games/adunit-banyan-treeangsana/946d097260263be2e8e3/game.js,USER CHOISE,‚óæÔ∏èüëÜüî≤ Drag & Drop,non-standard,‚Äì,‚Äì,"Travellers
Families with kids
Active Adults",Display,Full Screen,Engagement rate and CTR,4.06%,NO,15.18%,YES,,,YES,Increased engagement area to the whole unit as it was not performing well.,47.20%,
"Warner Edwards 
Rhubarb Gin",,,,,,Alcoholic drink,,,,,,,,,,,,,https://wat.adludio.com/games/,3c5d52fe3086acdc00bdb589eec13922/4bdbe5991384fd2d370c,/game.js,https://wat.adludio.com/games/3c5d52fe3086acdc00bdb589eec13922/4bdbe5991384fd2d370c/game.js,,‚¶øüëÜTap,standard,‚Äì,‚Äì,"adults
regular drinkers",Display,Full Screen,Clicks,32.92%,Yes,10.07%,Yes,N/A,N/A,Yes,Changed first interaction to just TAP,90.00%,
"MAC 
(Destination Fabulous) 7226b5d673e180952615a8ad38578e84",,,,,,Beauty,,,,,,,,,,,,,https://wat.adludio.com/games/,7226b5d673e180952615a8ad38578e84/8d8c16c8bc499fb965e2,/game.js,https://wat.adludio.com/games/7226b5d673e180952615a8ad38578e84/8d8c16c8bc499fb965e2/game.js,,‚¨ÜÔ∏è Swipe up,standard,YES,YES,"FEMALES (80%) 
MALES (20%) AGED 18-55",Display,Full Screen,Engagement rate,32.88%,Yes,,,,,,,93.79%,
"MAC 
(Destination Fabulous) D9822062cb9652b0ca8f78b4e3245090",,,,,,,,,,,,,,,,,,,https://wat.adludio.com/games/,d9822062cb9652b0ca8f78b4e3245090/ae5926d35b632a2bc803,/game.js,https://wat.adludio.com/games/d9822062cb9652b0ca8f78b4e3245090/ae5926d35b632a2bc803/game.js,,,,,,,,Full Screen,,,,,,,,,,,
"MAC 
(Destination Fabulous) 2e89f3212289ac32309264e22f37aa19",,,,,,,,,,,,,,,,,,,https://wat.adludio.com/games/,2e89f3212289ac32309264e22f37aa19/22a92f1c99400ba0bf62,/game.js,https://wat.adludio.com/games/2e89f3212289ac32309264e22f37aa19/22a92f1c99400ba0bf62/game.js,,,,,,,,Full Screen,,,,,,,,,,,
"MAC 
(Destination Fabulous) 354747d4fa79d61fc084b7cda58ec533",,,,,,,,,,,,,,,,,,,https://wat.adludio.com/games/,354747d4fa79d61fc084b7cda58ec533/f10e8e2aefaabed1394f,/game.js,https://wat.adludio.com/games/354747d4fa79d61fc084b7cda58ec533/f10e8e2aefaabed1394f/game.js,,,,,,,,Full Screen,,,,,,,,,,,
"MAC 
(Destination Fabulous) Fcae44bd6bd299ca6a0ae142e53096da",,,,,,,,,,,,,,,,,,,https://wat.adludio.com/games/,fcae44bd6bd299ca6a0ae142e53096da/0ce2c470633f78a9a852,/game.js,https://wat.adludio.com/games/fcae44bd6bd299ca6a0ae142e53096da/0ce2c470633f78a9a852/game.js,,,,,,,,Full Screen,,,,,,,,,,,
"Macallan  
(Brand Campaign)",,,,,,Alcoholic drink,,,,,,,,,,,,,https://wat.adludio.com/games/,825735b6b920f2ddbb4b23d7739f4350/92ba50e0ba0e401212f1,/game.js,https://wat.adludio.com/games/825735b6b920f2ddbb4b23d7739f4350/92ba50e0ba0e401212f1/game.js,,‚¨ÜÔ∏è Swipe up ,standard,YES,‚Äì,"Adults 30-40
affluent and premium spirits consumers",Display,Full Screen,Engagement rate and CTR,16.23%,,19.98%,Yes,27.92%,No,NO,,85.70%,
"Mondelez 
Oreo Play to Win 
Cf4fe35c7d8beb8ab57826432c6998a4",,,,,,Food & Drink,,,,,,,,,,,,,https://wat.adludio.com/games/,cf4fe35c7d8beb8ab57826432c6998a4/957a1d9fd1b2089fe46e,/game.js,https://wat.adludio.com/games/cf4fe35c7d8beb8ab57826432c6998a4/957a1d9fd1b2089fe46e/game.js,,üîò Press & Hold,standard,YES,‚Äì,Adults 18-25,Display,Full Screen,Engagement rate and CTR,30.89%,YES,"1.38%
(clicks/impressions, CPM buy)",NO,49.67%,YES,NO,,77.98%,
"Mondelez 
Oreo Play to Win
63d2d5c88cd23e3752955049bc41266a",,,,,,,,,,,,,,,,,,,https://wat.adludio.com/games/,63d2d5c88cd23e3752955049bc41266a/7aaafcb7f85769e90db3,/game.js,https://wat.adludio.com/games/63d2d5c88cd23e3752955049bc41266a/7aaafcb7f85769e90db3/game.js,,,,,,,,MPU,,,,,,,,,,,
"LEGO 
Masterbrand Easter",,,,,,Toys & Games,,,,,,,,,,,,,https://wat.adludio.com/games/,a1d85ae308ee514616ec52dae1a31b56/41c0ad90c67cf3a1b71d,/game.js,https://wat.adludio.com/games/a1d85ae308ee514616ec52dae1a31b56/41c0ad90c67cf3a1b71d/game.js,,‚¨ÜÔ∏è Swipe up,standard,‚Äì,‚Äì,"Fans of Lego
Children aged 5-12",Display,Full Screen,Clicks,27.32%,Yes,14.72%,Yes,N/A,N/A,No,,91.75%,
"Le M√©ridien
C191ee99ff67f39c00644e3e44a27a70",,,,,,Tourism,,,,,,,,,,,,,https://wat.adludio.com/games/,c191ee99ff67f39c00644e3e44a27a70/d2e26088d9e1f17dbd4c,/game.js,https://wat.adludio.com/games/c191ee99ff67f39c00644e3e44a27a70/d2e26088d9e1f17dbd4c/game.js,,‚¨ÖÔ∏è‚û°Ô∏è Swipe left or right,standard,YES,‚Äì,"Leisure travellers
couples
luxery and comfort ",Display,Full Screen,Engagement rate and CTR,25.73%,Yes,9.55%,Yes,39.51%,Yes,,,88.76%,
"Le M√©ridien
3d82c364fcd15997fc88ddc2ceb2b84f",,,,,,,,,,,,,,,,,,,https://wat.adludio.com/games/,3d82c364fcd15997fc88ddc2ceb2b84f/ef57b81e8736f3f01c78,/game.js,https://wat.adludio.com/games/3d82c364fcd15997fc88ddc2ceb2b84f/ef57b81e8736f3f01c78/game.js,,,,,,,,Full Screen,,,,,,,,,,,
"Le M√©ridien
Bbe5e932549f276aaf1c98f1fb0b5fb2",,,,,,,,,,,,,,,,,,,https://wat.adludio.com/games/,bbe5e932549f276aaf1c98f1fb0b5fb2/db53cd265f1be492f00a,/game.js,https://wat.adludio.com/games/bbe5e932549f276aaf1c98f1fb0b5fb2/db53cd265f1be492f00a/game.js,,,,,,,,Full Screen,,,,,,,,,,,
"DKNY 
(Be Delicious)
D1d5303153b0b14a959bdef6333a3b19",,,,,,Beauty,,,,,,,,,,,,,https://wat.adludio.com/games/,d1d5303153b0b14a959bdef6333a3b19/454a4160f83f22bb23db,/game.js,https://wat.adludio.com/games/d1d5303153b0b14a959bdef6333a3b19/454a4160f83f22bb23db/game.js,,‚û°Ô∏è Swipe right,standard,YES,‚Äì,"FEMALES 18+ 
GEOLOCATED AT THE AIRPORT",Display,Full Screen,Engagement rate,25.58%,Yes,,,,,,,97.83%,
"DKNY 
(Be Delicious)
Fc92709296ff46fc4001f675c07dfbf8",,,,,,,,,,,,,,,,,,,https://wat.adludio.com/games/,fc92709296ff46fc4001f675c07dfbf8/17720060d4e219b91860,/game.js,https://wat.adludio.com/games/fc92709296ff46fc4001f675c07dfbf8/17720060d4e219b91860/game.js,,,,,,,,Full Screen,,,,,,,,,,,
"Ballymoore
The Douglass Tower",,,,,,Property,,,,,,,,,,,,,https://wat.adludio.com/games/,dbd8630331a1c929092cf92de81af8db/3cf29c68cdf4199614d6,/game.js,https://wat.adludio.com/games/dbd8630331a1c929092cf92de81af8db/3cf29c68cdf4199614d6/game.js,,‚¨ÖÔ∏è Swipe left,standard,‚Äì,YES,"affluent 
adults
potential buyers ",,Full Screen,,,,,,,,,,84.49%,
"Londonewcastle 
The Otto",,,,,,Property,,,,,,,,,,,,,https://wat.adludio.com/games/,65ba65fc1cb7e2c6a349d82c02803664/1d92f90d769357189904,/game.js,https://wat.adludio.com/games/65ba65fc1cb7e2c6a349d82c02803664/1d92f90d769357189904/game.js,,‚¨ÜÔ∏è Swipe up ,standard,‚Äì,YES,"affluent 
adults
new buyers",Display,Full Screen,Clicks ,24.74%,Yes,5.38%,Yes,N/A,N/A,No,,87.72%,
"St Regis 
(Live Exquisite)
",,,,,,Tourism,,,,,,,,,,,,,https://wat.adludio.com/games/,adunit-st-regis-exquisite/159780eb3797d3a03867,/game.js,https://wat.adludio.com/games/adunit-st-regis-exquisite/159780eb3797d3a03867/game.js,,„Ä∞Ô∏èüëà Scrub,non-standard,‚Äì,YES,"The Luminaries, Travelers, Couples
Families
Adults 25-45",Display,Full Screen,Engagement rate and CTR,14.70%,NO,11.62%,Yes,,,NO,,77.72%,
"Bulgari 
B.Zero 1
Ee6e525b47b9c524412e03876c110838",,,,,,Jewelry,,,,,,,,,,,,,https://wat.adludio.com/games/,ee6e525b47b9c524412e03876c110838/3e18a89f7fa947a4e047,/game.js,https://wat.adludio.com/games/ee6e525b47b9c524412e03876c110838/3e18a89f7fa947a4e047/game.js,,üîò Press & Hold,standard,YES,‚Äì,"Female 18-30
Jewelry",Display,Full Screen,Engagement rate and CTR,24.08%,YES,5.75%,YES,44.34%,YES,NO,,91.63%,
"Bulgari 
B.Zero 1
1ffcebe5c3fd372e89f77ac179cac3eb",,,,,,,,,,,,,,,,,,,https://wat.adludio.com/games/,1ffcebe5c3fd372e89f77ac179cac3eb/8de60582504dae5846b9,/game.js,https://wat.adludio.com/games/1ffcebe5c3fd372e89f77ac179cac3eb/8de60582504dae5846b9/game.js,,,,,,,,MPU,,,,,,,,,,,
"Bulgari 
B.Zero 1
B97fe46c26b6a44d50a8cf98261bb8db",,,,,,,,,,,,,,,,,,,https://wat.adludio.com/games/,b97fe46c26b6a44d50a8cf98261bb8db/e0b3de2d39ddc2a207d8,/game.js,https://wat.adludio.com/games/b97fe46c26b6a44d50a8cf98261bb8db/e0b3de2d39ddc2a207d8/game.js,,,,,,,,Full Screen,,,,,,,,,,,
"Bulgari 
B.Zero 1
C58e5062475686313f2f83ab5c5a6547",,,,,,,,,,,,,,,,,,,https://wat.adludio.com/games/,c58e5062475686313f2f83ab5c5a6547/3307e40e68734604dd2d,/game.js,https://wat.adludio.com/games/c58e5062475686313f2f83ab5c5a6547/3307e40e68734604dd2d/game.js,,,,,,,,MPU,,,,,,,,,,,
"Lionsgate: Robin Hood
Dab13989c466e2b65d2b9584bffa747b",,,,,,"TV, online streaming,
movies",,,,,,,,,,,,,https://wat.adludio.com/games/,dab13989c466e2b65d2b9584bffa747b/eaf1c05e863cd7588aee,/game.js,https://wat.adludio.com/games/dab13989c466e2b65d2b9584bffa747b/eaf1c05e863cd7588aee/game.js,,üîò Press & Hold,standard,YES,‚Äì,"Families
Age 12+
fans of action films",Display,Full Screen,5% - 10% engagemenr rate,23.75%,Yes,28.44%,Yes,35.47%,Yes,No,n/a,,
"Lionsgate: Robin Hood
Bad0737beebea913d5fd5facf62c0e22",,,,,,,,,,,,,,,,,,,https://wat.adludio.com/games/,bad0737beebea913d5fd5facf62c0e22/4e62580345b630ec3f55,/game.js,https://wat.adludio.com/games/bad0737beebea913d5fd5facf62c0e22/4e62580345b630ec3f55/game.js,,,,,,,,Full Screen,,,,,,,,,,,
"Lionsgate: Robin Hood
D6d8d3c3d4e93f539102d8121b3adca4",,,,,,,,,,,,,,,,,,,https://wat.adludio.com/games/,d6d8d3c3d4e93f539102d8121b3adca4/c7fe1d9ee42b158a60c6,/game.js,https://wat.adludio.com/games/d6d8d3c3d4e93f539102d8121b3adca4/c7fe1d9ee42b158a60c6/game.js,,,,,,,,MPU,,,,,,,,,,,
"Lionsgate: Robin Hood
Fd09964a68e46229f79d962bd01c7d81",,,,,,,,,,,,,,,,,,,https://wat.adludio.com/games/,fd09964a68e46229f79d962bd01c7d81/e5d6bfc98014b7acadc5,/game.js,https://wat.adludio.com/games/fd09964a68e46229f79d962bd01c7d81/e5d6bfc98014b7acadc5/game.js,,,,,,,,MPU,,,,,,,,,,,
William Lawson,,,,,,Alcoholic drink,,,,,,,,,,,,,https://wat.adludio.com/games/,592f631d380b9a8265e28070fcb129a5/023ca1b9e31eea8c4b6e,/game.js,https://wat.adludio.com/games/592f631d380b9a8265e28070fcb129a5/023ca1b9e31eea8c4b6e/game.js,,üì≥ Shake,standard,‚Äì,‚Äì,"Adults
drinkers
whiskey drinkers",Display,MPU,Clicks,22.09%,Yes,7.66%,Yes,N/A,N/A,,,91.99%,
Evian Sunrise Scrub 01 Mob,,,,,,Food & Drink,,,,,,,,,,,,,https://wat.adludio.com/games/,adunit-evian-sunrise-scrub-01-mob/73828b1029a7b33c8f51,/game.js,https://wat.adludio.com/games/adunit-evian-sunrise-scrub-01-mob/73828b1029a7b33c8f51/game.js,,„Ä∞Ô∏èüëà Scrub,non-standard,YES,‚Äì,"drinkers
natural source drinkers
organic ",Display,Full Screen,Engagement rate and CTR,21.79%,Yes,4.37%,Yes,58.09%,Yes,No,N/A,85.56%,
Evian Sunrise Scrub 02 Mob,,,,,,,,,,,,,,,,,,,https://wat.adludio.com/games/,adunit-evian-sunrise-scrub-02-mob/eed4b69c06cf46305d34,/game.js,https://wat.adludio.com/games/adunit-evian-sunrise-scrub-02-mob/eed4b69c06cf46305d34/game.js,,,,,,,,Full Screen,,,,,,,,,,,
Evian Sunrise Scrub 03 Mob,,,,,,,,,,,,,,,,,,,https://wat.adludio.com/games/,adunit-evian-sunrise-scrub-03-mob/a2cdec997f1c933ec102,/game.js,https://wat.adludio.com/games/adunit-evian-sunrise-scrub-03-mob/a2cdec997f1c933ec102/game.js,,,,,,,,Full Screen,,,,,,,,,,,
Evian Sunrise Scrub 04 Mob,,,,,,,,,,,,,,,,,,,https://wat.adludio.com/games/,adunit-evian-sunrise-scrub-04-mob/1148966ed9e3dc9ed407,/game.js,https://wat.adludio.com/games/adunit-evian-sunrise-scrub-04-mob/1148966ed9e3dc9ed407/game.js,,,,,,,,Full Screen,,,,,,,,,,,
Evian Sunrise Scrub 01 Mpu,,,,,,,,,,,,,,,,,,,https://wat.adludio.com/games/,adunit-evian-sunrise-scrub-01-mpu/0c3e89551c507e4ef18f,/game.js,https://wat.adludio.com/games/adunit-evian-sunrise-scrub-01-mpu/0c3e89551c507e4ef18f/game.js,,,,,,,,MPU,,,,,,,,,,,
Evian Sunrise Scrub 02 Mpu,,,,,,,,,,,,,,,,,,,https://wat.adludio.com/games/,adunit-evian-sunrise-scrub-02-mpu/9fb5432dfb53d21b58f0,/game.js,https://wat.adludio.com/games/adunit-evian-sunrise-scrub-02-mpu/9fb5432dfb53d21b58f0/game.js,,,,,,,,MPU,,,,,,,,,,,
Evian Sunrise Scrub 03 Mpu,,,,,,,,,,,,,,,,,,,https://wat.adludio.com/games/,adunit-evian-sunrise-scrub-03-mpu/ddd40da53dbb79adb8c1,/game.js,https://wat.adludio.com/games/adunit-evian-sunrise-scrub-03-mpu/ddd40da53dbb79adb8c1/game.js,,,,,,,,MPU,,,,,,,,,,,
Evian Sunrise Scrub 04 Mpu,,,,,,,,,,,,,,,,,,,https://wat.adludio.com/games/,adunit-evian-sunrise-scrub-04-mpu/4684c04403c8bccf41d7,/game.js,https://wat.adludio.com/games/adunit-evian-sunrise-scrub-04-mpu/4684c04403c8bccf41d7/game.js,,,,,,,,MPU,,,,,,,,,,,
"Hoover
washing machine
979e2122476adec539dbcef4df7062ab",,,,,,Home Appliance,,,,,,,,,,,,,https://wat.adludio.com/games/,979e2122476adec539dbcef4df7062ab/1a0db5f843b040b5ca33,/game.js,https://wat.adludio.com/games/979e2122476adec539dbcef4df7062ab/1a0db5f843b040b5ca33/game.js,,‚óæÔ∏èüëÜüî≤ Drag & Drop,standard,YES,‚Äì,"people with Smarthome Assistants 
Women 25-54",Display,Full Screen,Engagements,21.66%,Yes,10.18%,Yes,38.66%,Yes,No,N/A,92.86%,
"Hoover
washing machine
22dbcecbe1cb8f62eb8bd6c68c670109",,,,,,,,,,,,,,,,,,,https://wat.adludio.com/games/,22dbcecbe1cb8f62eb8bd6c68c670109/c05b2c6a99e7c85096d1,/game.js,https://wat.adludio.com/games/22dbcecbe1cb8f62eb8bd6c68c670109/c05b2c6a99e7c85096d1/game.js,,,,,,,,Full Screen,,,,,,,,,,,
"Hoover
washing machine
686bdd35793fe9478e30286c60ca86bf",,,,,,,,,,,,,,,,,,,https://wat.adludio.com/games/,686bdd35793fe9478e30286c60ca86bf/37583265971195b4d639,/game.js,https://wat.adludio.com/games/686bdd35793fe9478e30286c60ca86bf/37583265971195b4d639/game.js,,,,,,,,Full Screen,,,,,,,,,,,
Hoover Vacuum Cleaner,,,,,,Home Appliance,,,,,,,,,,,,,https://wat.adludio.com/games/,686bdd35793fe9478e30286c60ca86bf/37583265971195b4d639,/game.js,https://wat.adludio.com/games/686bdd35793fe9478e30286c60ca86bf/37583265971195b4d639/game.js,,‚¨ÖÔ∏è Swipe left,standard,YES,‚Äì,"Young Urban Techies - we have slightly widened this to essentially those who have Smarthome Assistants and any activation points / ideas that allows us to specifically target the device or users would be well received
SECONDARY: Women 25-54 - this is a wider audience target and we would ideally like to look at a more upmarket skew within this.
",Display,Full Screen,Engagements,21.66%,Yes,10.18%,Yes,38.66%,Yes,No,N/A,,
"Van Cleef & Arpels Poetic Complications
5355d41710815c24e2fc2fc8b7bca585",,,,,,Jewelry,,,,,,,,,,,,,https://wat.adludio.com/games/,5355d41710815c24e2fc2fc8b7bca585/d5dfa12f1886d31c1c72,/game.js,https://wat.adludio.com/games/5355d41710815c24e2fc2fc8b7bca585/d5dfa12f1886d31c1c72/game.js,,üîò Press & Hold,standard,YES,‚Äì,"Female 25+ & Male 25-60, interests 
(travel, business/economics, sports, spa, 
news, health, gadgets/tech, fine dining)",Display,Full Screen,Engagement rate and CTR,21.46%,YES,6.71%,YES,66.62%,YES,NO,,,
"Van Cleef & Arpels Poetic Complications
93ce4a44aea0e246c1b19a4362c909b0",,,,,,,,,,,,,,,,,,,https://wat.adludio.com/games/,93ce4a44aea0e246c1b19a4362c909b0/e108221d3031c04df612,/game.js,https://wat.adludio.com/games/93ce4a44aea0e246c1b19a4362c909b0/e108221d3031c04df612/game.js,,,,,,,,MPU,,,,,,,,,,,
F&N Magnolia,,,,,,Food & Drink,,,,,,,,,,,,,https://wat.adludio.com/games/,0ab47ed414adc2ac704aafa49e692e87/d08fb32e1f37a3dfc8a5,/game.js,https://wat.adludio.com/games/0ab47ed414adc2ac704aafa49e692e87/d08fb32e1f37a3dfc8a5/game.js,,‚û°Ô∏è Swipe right,standard,‚Äì,‚Äì,"People 18-35 
grocery shoppers and 
interests in healthy lifestyle/sports",Display,Full Screen,Engagement,21.26%,Yes,10.11%,Yes,N/A,N/A,No,N/A,92.39%,
"ING PH 
(photography)
B37b9cac67ca73f9a6f89abadbde7873",,,,,,Financial,,,,,,,,,,,,,https://wat.adludio.com/games/,b37b9cac67ca73f9a6f89abadbde7873/04e8d8c94a964b8ef078,/game.js,https://wat.adludio.com/games/b37b9cac67ca73f9a6f89abadbde7873/04e8d8c94a964b8ef078/game.js,,üîò Press & Hold,standard,YES,YES,"Male and Female A24-54 
High Net Worth 
Interest in Digital banking",Display,Full Screen,Engagement rate and CTR,21.03%,YES,5.01%,YES,27.01%,NO,YES,Increased clickable area,94.28%,
"ING PH 
(workout)
5253567295c835b8f986cc183b89de34",,,,,,Financial,,,,,,,,,,,,,https://wat.adludio.com/games/,5253567295c835b8f986cc183b89de34/d0d2ae57956b2dd4e41b,/game.js,https://wat.adludio.com/games/5253567295c835b8f986cc183b89de34/d0d2ae57956b2dd4e41b/game.js,,‚û°Ô∏è Swipe right,standard,YES,YES,"Gym go'ers
adults
A18-30",Display,Full Screen,Engagement rate and CTR,20.83%,YES,5.62%,YES,22.56%,NO,YES,Increased clickable area,,
"ING PH 
(workout)
80100ec1847578e7df1f2f9b349bbce6",,,,,,,,,,,,,,,,,,,https://wat.adludio.com/games/,80100ec1847578e7df1f2f9b349bbce6/601abeffc062fba05894,/game.js,https://wat.adludio.com/games/80100ec1847578e7df1f2f9b349bbce6/601abeffc062fba05894/game.js,,,,,,,,MPU,,,,,,,,,,,
"ING PH 
(photography)
C5d9c16d0371080adda9f218a19a7642",,,,,,,,,,,,,,,,,,,https://wat.adludio.com/games/,c5d9c16d0371080adda9f218a19a7642/0caba52f3cf75988f608,/game.js,https://wat.adludio.com/games/c5d9c16d0371080adda9f218a19a7642/0caba52f3cf75988f608/game.js,,,,,,,,MPU,,,,,,,,,,,
"Uniqlo 
(Mickey)",,,,,,Fashion,,,,,,,,,,,,,https://wat.adludio.com/games/,efde6ccb172731c0f3b802acc231cd35/877731864f8ae5caad7f,/game.js,https://wat.adludio.com/games/efde6ccb172731c0f3b802acc231cd35/877731864f8ae5caad7f/game.js,,‚¨ÜÔ∏è Swipe up ,standard,‚Äì,YES,"MF A16-35 
Interested in Mickey, Uniqlo, Disney",,Full Screen,,,,,,,,,,84.87%,
"JW Marriott Treatment
27db7e57ac643ec8b72012223e64ea09",,,,,,Tourism,,,,,,,,,,,,,https://wat.adludio.com/games/,27db7e57ac643ec8b72012223e64ea09/c33ce1c70bd719d7d682,/game.js,https://wat.adludio.com/games/27db7e57ac643ec8b72012223e64ea09/c33ce1c70bd719d7d682/game.js,,‚¶øüëÜTap,standard,YES,‚Äì,"Couples
Rich families ",Display,Full Screen,Engagement rate and CTR,20.65%,Yes,13.52%,Yes,41.03%,Yes,,,90.64%,
Jwmarriott Treatment Bio Mob,,,,,,,,,,,,,,,,,,,https://wat.adludio.com/games/,adunit-jwmarriott-treatment-bio-mob/cdb9dfc35785ca9e9645,/game.js,https://wat.adludio.com/games/adunit-jwmarriott-treatment-bio-mob/cdb9dfc35785ca9e9645/game.js,,,,,,,,Full Screen,,,,,,,,,,,
"JW Marriott Treatment
093e1edf4ca6cc7174bf00218b2c0487",,,,,,,,,,,,,,,,,,,https://wat.adludio.com/games/,093e1edf4ca6cc7174bf00218b2c0487/b5d8e70e9093527737e0,/game.js,https://wat.adludio.com/games/093e1edf4ca6cc7174bf00218b2c0487/b5d8e70e9093527737e0/game.js,,,,,,,,Full Screen,,,,,,,,,,,
"JW Marriott Treatment
B24d49dd651a5e3d8ea69af5dd4645cf",,,,,,,,,,,,,,,,,,,https://wat.adludio.com/games/,b24d49dd651a5e3d8ea69af5dd4645cf/3fe354fa6b0d5bf2c7b7,/game.js,https://wat.adludio.com/games/b24d49dd651a5e3d8ea69af5dd4645cf/3fe354fa6b0d5bf2c7b7/game.js,,,,,,,,Full Screen,,,,,,,,,,,
"JW Marriott Treatment
6bdcd79f01cf47656572244068c2790b",,,,,,,,,,,,,,,,,,,https://wat.adludio.com/games/,6bdcd79f01cf47656572244068c2790b/d60c33d9222f405540a3,/game.js,https://wat.adludio.com/games/6bdcd79f01cf47656572244068c2790b/d60c33d9222f405540a3/game.js,,,,,,,,MPU,,,,,,,,,,,
"JW Marriott Treatment
742700602f7eeeba98831557d8208c20",,,,,,,,,,,,,,,,,,,https://wat.adludio.com/games/,742700602f7eeeba98831557d8208c20/df055c4dd26b6413bd69,/game.js,https://wat.adludio.com/games/742700602f7eeeba98831557d8208c20/df055c4dd26b6413bd69/game.js,,,,,,,,MPU,,,,,,,,,,,
Jwmarriott Treatment Bio Mob DK,,,,,,,,,,,,,,,,,,,https://wat.adludio.com/games/,adunit-jwmarriott-treatment-bio-mob-DK/3318d7d55f189f2a6bcf,/game.js,https://wat.adludio.com/games/adunit-jwmarriott-treatment-bio-mob-DK/3318d7d55f189f2a6bcf/game.js,,,,,,,,Full Screen,,,,,,,,,,,
Jwmarriott Treatment Bio Mob ITL,,,,,,,,,,,,,,,,,,,https://wat.adludio.com/games/,adunit-jwmarriott-treatment-bio-mob-ITL/13ab694d10cf1765da48,/game.js,https://wat.adludio.com/games/adunit-jwmarriott-treatment-bio-mob-ITL/13ab694d10cf1765da48/game.js,,,,,,,,Full Screen,,,,,,,,,,,
"National Arts Council 
SWF",,,,,,"Event, exhibition",,,,,,,,,,,,,https://wat.adludio.com/games/,adunit-sac-singapore-writers-festival-mob/3ad8f06f53e1022d502b,/game.js,https://wat.adludio.com/games/adunit-sac-singapore-writers-festival-mob/3ad8f06f53e1022d502b/game.js,USER CHOISE,‚¶øüëÜTap,non-standard,‚Äì,‚Äì,"Art Enthusiasts and Non Art Enthusiats
Families & Kids 
Outdoor enthusiasts",Display,Full Screen,Engagement rate and CTR,11.16%,NO,8.97%,YES,,,NO,,81.26%,
MBS Black Tap,,,,,,Food & Drink,,,,,,,,,,,,,https://wat.adludio.com/games/,,/game.js,,"USER CHOISE +
DOUBLE INTERACTION",‚¨ÜÔ∏è‚¨áÔ∏è Swipe up & down,non-standard,‚Äì,‚Äì,Travellers,Display,Full Screen,Engagement rate and CTR,20.38%,YES,9.90%,YES,,,NO,,79.66%,
"Red Bull New Editions
Redbull Neweditions Mob Swipe Horizontal",,,,,,Food & Drink,,,,,,,,,,,,,https://wat.adludio.com/games/,adunit-redbull-neweditions-mob-swipe-horizontal/2bfa8576d3dacad4df8c,/game.js,https://wat.adludio.com/games/adunit-redbull-neweditions-mob-swipe-horizontal/2bfa8576d3dacad4df8c/game.js,USER CHOISE,‚¨ÖÔ∏è‚û°Ô∏è Swipe left or right,non-standard,YES,‚Äì,"Fans of indie games
Age 16-25",Display,Full Screen,5% - 10% engagemenr rate,19.41%,Yes,2.33%,Yes (at benchmark),N/A,N/A,No,N/A,59.05%,
"Red Bull New Editions
Redbull Neweditions Mob Tiltandtap",,,,,,,,,,,,,,,,,,,https://wat.adludio.com/games/,adunit-redbull-neweditions-mob-tiltandtap/40ebf27bbd02fb9bfde8,/game.js,https://wat.adludio.com/games/adunit-redbull-neweditions-mob-tiltandtap/40ebf27bbd02fb9bfde8/game.js,,,,,,,,Full Screen,,,,,,,,,,,
"Red Bull New Editions
Bio Redbull Neweditions Mob",,,,,,,,,,,,,,,,,,,https://wat.adludio.com/games/,bio-redbull-neweditions-mob/eebc95a7b12734dee1c2,/game.js,https://wat.adludio.com/games/bio-redbull-neweditions-mob/eebc95a7b12734dee1c2/game.js,,,,,,,,Full Screen,,,,,,,,,,,
"Red Bull New Editions
Redbull Neweditions Mob Swipe V2",,,,,,,,,,,,,,,,,,,https://wat.adludio.com/games/,adunit-redbull-neweditions-mob-swipe-v2/62e9b0a7f78649d257d5,/game.js,https://wat.adludio.com/games/adunit-redbull-neweditions-mob-swipe-v2/62e9b0a7f78649d257d5/game.js,,,,,,,,Full Screen,,,,,,,,,,,
"MAC Lipstick Day
Mac Lipstickday",,,,,,Beauty,,,,,,,,,,,,,https://wat.adludio.com/games/,adunit-mac-lipstickday/336bd87a1faf12a8a199,/game.js,https://wat.adludio.com/games/adunit-mac-lipstickday/336bd87a1faf12a8a199/game.js,,„Ä∞Ô∏èüëà Scrub,non-standard,‚Äì,‚Äì,"FEMALES (80%) AND MALES (20%) 
A16-55.",,Full Screen,,,,,,,,,,95.33%,
"MAC Lipstick Day
Mac Lipstickday Es",,,,,,,,,,,,,,,,,,,https://wat.adludio.com/games/,adunit-mac-lipstickday-es/4c8fd776223f786841c1,/game.js,https://wat.adludio.com/games/adunit-mac-lipstickday-es/4c8fd776223f786841c1/game.js,,,,,,,,Full Screen,,,,,,,,,,,
"MAC Lipstick Day
Mac Lipstickday Palma",,,,,,,,,,,,,,,,,,,https://wat.adludio.com/games/,adunit-mac-lipstickday-palma/8e14fa3cdf347e27ec92,/game.js,https://wat.adludio.com/games/adunit-mac-lipstickday-palma/8e14fa3cdf347e27ec92/game.js,,,,,,,,Full Screen,,,,,,,,,,,
"MAC Lipstick Day
Mac Lipstickday Lisbon",,,,,,,,,,,,,,,,,,,https://wat.adludio.com/games/,adunit-mac-lipstickday-lisbon/b25b4d0abbe65fc73627,/game.js,https://wat.adludio.com/games/adunit-mac-lipstickday-lisbon/b25b4d0abbe65fc73627/game.js,,,,,,,,Full Screen,,,,,,,,,,,
"MAC Lipstick Day
Mac Lipstickday Cdg",,,,,,,,,,,,,,,,,,,https://wat.adludio.com/games/,adunit-mac-lipstickday-cdg/42dcb9aad43b2939570b,/game.js,https://wat.adludio.com/games/adunit-mac-lipstickday-cdg/42dcb9aad43b2939570b/game.js,,,,,,,,Full Screen,,,,,,,,,,,
"MAC Lipstick Day
Mac Lipstickday Fr",,,,,,,,,,,,,,,,,,,https://wat.adludio.com/games/,adunit-mac-lipstickday-fr/910740ad716042ad6de0,/game.js,https://wat.adludio.com/games/adunit-mac-lipstickday-fr/910740ad716042ad6de0/game.js,,,,,,,,Full Screen,,,,,,,,,,,
Lynx Unity,,,,,,Beauty,,,,,,,,,,,,,https://wat.adludio.com/games/,adunit-lynx-unity-snap/0670d28c85f05d254ec8,/game.js,https://wat.adludio.com/games/adunit-lynx-unity-snap/0670d28c85f05d254ec8/game.js,SPIN,üîÑ Spin,non-standard,,,"teenagers
A12-18",,Full Screen,,,,,,,,,,,
"Miu Miu
(Christmas 2018)
255b108d934cde168923469df245f318",,,,,,Beauty,,,,,,,,,,,,,https://wat.adludio.com/games/,255b108d934cde168923469df245f318/3d14d31752076be04b69,/game.js,https://wat.adludio.com/games/255b108d934cde168923469df245f318/3d14d31752076be04b69/game.js,,‚û°Ô∏è Swipe right,standard,frames ?,‚Äì,Females A18-34,Display,Full Screen,Engagement rate and CTR,9.39%,NO,3.33%,NO,,,YES,"Changed to tap interaction and made engageable area half the unit, to increase engagement rate",52.83%,
"Miu Miu
(Christmas 2018)
2a6d9f614e40737c66fbb682ffab5c58",,,,,,,,,,,,,,,,,,,https://wat.adludio.com/games/,2a6d9f614e40737c66fbb682ffab5c58/6b7f4acb6a567732cec4,/game.js,https://wat.adludio.com/games/2a6d9f614e40737c66fbb682ffab5c58/6b7f4acb6a567732cec4/game.js,,,,,,,,Full Screen,,,,,,,,,,,
"Aloft 
(Marriott)",,,,,,Tourism,,,,,,,,,,,,,https://wat.adludio.com/games/,8839758af9a3c4d4f71829dbbd1e2da0/a1b741f7b897d367b1ed,/game.js,https://wat.adludio.com/games/8839758af9a3c4d4f71829dbbd1e2da0/a1b741f7b897d367b1ed/game.js,,üì≥ Shake,standard,‚Äì,YES,"Affluent lifestyle & High income leisure 
frequent travellers",Display,Full Screen,Engagement rate and CTR,19.17%,YES,37.58%,YES,,,YES,Decreased clickable area as CTR was too high,88.79%,
"MBS 
Christmas
C33e96adce118573d2e8cd5288b55b65",,,,,,Fashion,,,,,,,,,,,,,https://wat.adludio.com/games/,c33e96adce118573d2e8cd5288b55b65/87a6d4938815f5b43431,/game.js,https://wat.adludio.com/games/c33e96adce118573d2e8cd5288b55b65/87a6d4938815f5b43431/game.js,,‚û°Ô∏è Swipe right,standard,YES,‚Äì,"Experience seekers, aspirants 
People searching for Christmas gifts, 
Families, more Parents of children",Display,Full Screen,Engagement rate and CTR,18.96%,YES,1.71%,NO,51.21%,YES,NO,,99.22%,
"MBS 
Christmas
Ed0e0001b1bbd4d91310bf16b389b3a0",,,,,,,,,,,,,,,,,,,https://wat.adludio.com/games/,ed0e0001b1bbd4d91310bf16b389b3a0/616d7412466b77b1ecb5,/game.js,https://wat.adludio.com/games/ed0e0001b1bbd4d91310bf16b389b3a0/616d7412466b77b1ecb5/game.js,,,,,,,,MPU,,,,,,,,,,,
"Danone 
Bledina Variety
Bdf47702f584272ef0191164ace808b4",,,,,,Food & Drink,,,,,,,,,,,,,https://wat.adludio.com/games/,bdf47702f584272ef0191164ace808b4/c1bbe1ecb17c8820966b,/game.js,https://wat.adludio.com/games/bdf47702f584272ef0191164ace808b4/c1bbe1ecb17c8820966b/game.js,,üì≥ Shake,non-standard,‚Äì,‚Äì,"M/F 18-44 with children
affluent lifestyle 
users of healthy suplements ",Display,Full Screen,Engagement,18.82%,Yes,3.81%,Yes,N/A,N/A,No,N/A,86.84%,
"Danone 
Bledina Variety
Bledina Variety Scrub Mob",,,,,,,,,,,,,,,,,,,https://wat.adludio.com/games/,adunit-bledina-variety-scrub-mob/142d552b3c89fb92a782,/game.js,https://wat.adludio.com/games/adunit-bledina-variety-scrub-mob/142d552b3c89fb92a782/game.js,,,,,,,,Full Screen,,,,,,,,,,,
"Danone 
Bledina Variety
Bledina Swipe To Match Mob",,,,,,,,,,,,,,,,,,,https://wat.adludio.com/games/,adunit-bledina-swipe-to-match-mob/c272a4b80a2262bdb75b,/game.js,https://wat.adludio.com/games/adunit-bledina-swipe-to-match-mob/c272a4b80a2262bdb75b/game.js,,,,,,,,Full Screen,,,,,,,,,,,
"Cle de Peau 
Lipstick Cashmere
C322f41173b7dfc8e431bdc6e5271928",,,,,,Beauty,,,,,,,,,,,,,https://wat.adludio.com/games/,c322f41173b7dfc8e431bdc6e5271928/eb91e7488c57b94e70c7,/game.js,https://wat.adludio.com/games/c322f41173b7dfc8e431bdc6e5271928/eb91e7488c57b94e70c7/game.js,,‚¨ÖÔ∏è Swipe left,standard,‚Äì,‚Äì,"Women interested in luxury beauty
High income ",Display,Full Screen,Engagement rate and CTR,6.82%,NO,3.83%,NO,,,NO,,,
"Cle de Peau 
Lipstick Cashmere
3e9f782db706e5e5afd33bb84d3ef09b",,,,,,,,,,,,,,,,,,,https://wat.adludio.com/games/,3e9f782db706e5e5afd33bb84d3ef09b/542c99f3e68a398be44d,/game.js,https://wat.adludio.com/games/3e9f782db706e5e5afd33bb84d3ef09b/542c99f3e68a398be44d/game.js,,,,,,,,Full Screen,,,,,,,,,,,
"Cle de Peau 
Lipstick Cashmere
Cle De Peau Viet",,,,,,,,,,,,,,,,,,,https://wat.adludio.com/games/,adunit-cle-de-peau-viet/26659274b896b0c7a1b8,/game.js,https://wat.adludio.com/games/adunit-cle-de-peau-viet/26659274b896b0c7a1b8/game.js,,,,,,,,Full Screen,,,,,,,,,,,
"Cle de Peau 
Lipstick Cashmere
474f7a105fe06cbd0ee5832d3f6f8b36",,,,,,,,,,,,,,,,,,,https://wat.adludio.com/games/,474f7a105fe06cbd0ee5832d3f6f8b36/65749b81af341f6c5c41,/game.js,https://wat.adludio.com/games/474f7a105fe06cbd0ee5832d3f6f8b36/65749b81af341f6c5c41/game.js,,,,,,,,MPU,,,,,,,,,,,
"Cle de Peau 
Lipstick Cashmere
Cle De Peau Tw",,,,,,,,,,,,,,,,,,,https://wat.adludio.com/games/,adunit-cle-de-peau-tw/e71a0e63a80878ba1333,/game.js,https://wat.adludio.com/games/adunit-cle-de-peau-tw/e71a0e63a80878ba1333/game.js,,,,,,,,Full Screen,,,,,,,,,,,
"Cle de Peau 
Lipstick Cashmere
Cle De Peau Mpu Thai",,,,,,,,,,,,,,,,,,,https://wat.adludio.com/games/,adunit-cle-de-peau-mpu-thai/ab9d551900678e3356a1,/game.js,https://wat.adludio.com/games/adunit-cle-de-peau-mpu-thai/ab9d551900678e3356a1/game.js,,,,,,,,MPU,,,,,,,,,,,
"Cle de Peau 
Lipstick Cashmere
Cle De Peau Mpu Viet",,,,,,,,,,,,,,,,,,,https://wat.adludio.com/games/,adunit-cle-de-peau-mpu-viet/18aa073d0bfdfbe000a9,/game.js,https://wat.adludio.com/games/adunit-cle-de-peau-mpu-viet/18aa073d0bfdfbe000a9/game.js,,,,,,,,MPU,,,,,,,,,,,
"Cle de Peau 
Lipstick Cashmere
Cle De Peau Mpu Tw",,,,,,,,,,,,,,,,,,,https://wat.adludio.com/games/,adunit-cle-de-peau-mpu-tw/ed3e8901ebd324f0963e,/game.js,https://wat.adludio.com/games/adunit-cle-de-peau-mpu-tw/ed3e8901ebd324f0963e/game.js,,,,,,,,MPU,,,,,,,,,,,
"Cle de Peau 
Lipstick Cashmere
474f7a105fe06cbd0ee5832d3f6f8b36",,,,,,,,,,,,,,,,,,,https://wat.adludio.com/games/,474f7a105fe06cbd0ee5832d3f6f8b36/65749b81af341f6c5c41,/game.js,https://wat.adludio.com/games/474f7a105fe06cbd0ee5832d3f6f8b36/65749b81af341f6c5c41/game.js,,,,,,,,MPU,,,,,,,,,,,
"Cle de Peau 
Lipstick Cashmere
Bio Cle De Peau Thai",,,,,,,,,,,,,,,,,,,https://wat.adludio.com/games/,adunit-bio-cle-de-peau-thai/864bf638a73ebc466afc,/game.js,https://wat.adludio.com/games/adunit-bio-cle-de-peau-thai/864bf638a73ebc466afc/game.js,,,,,,,,Full Screen,,,,,,,,,,,
"Cle de Peau 
Lipstick Cashmere
Bio Cle De Peau Tw",,,,,,,,,,,,,,,,,,,https://wat.adludio.com/games/,adunit-bio-cle-de-peau-tw/19be86585c1ca899dc69,/game.js,https://wat.adludio.com/games/adunit-bio-cle-de-peau-tw/19be86585c1ca899dc69/game.js,,,,,,,,Full Screen,,,,,,,,,,,
"Cle de Peau 
Lipstick Cashmere
F5cd9cfc2f403b342e00bc47af8feb28",,,,,,,,,,,,,,,,,,,https://wat.adludio.com/games/,f5cd9cfc2f403b342e00bc47af8feb28/2df2e60c8f9437aea7f4,/game.js,https://wat.adludio.com/games/f5cd9cfc2f403b342e00bc47af8feb28/2df2e60c8f9437aea7f4/game.js,,,,,,,,MPU,,,,,,,,,,,
"Cle de Peau 
Lipstick Cashmere
Ca5c9064d8d464be56e4d7a72fedc79d",,,,,,,,,,,,,,,,,,,https://wat.adludio.com/games/,ca5c9064d8d464be56e4d7a72fedc79d/229d4ae1f487bb1cafb9,/game.js,https://wat.adludio.com/games/ca5c9064d8d464be56e4d7a72fedc79d/229d4ae1f487bb1cafb9/game.js,,,,,,,,Full Screen,,,,,,,,,,,
"Adidas 
(UltraBoost)",,,,,,Fashion,,,,,,,,,,,,,https://wat.adludio.com/games/,dfc2d51ae4eff6b9fa7e91483e4b874c/5076c86107ba230029fa,/game.js,https://wat.adludio.com/games/dfc2d51ae4eff6b9fa7e91483e4b874c/5076c86107ba230029fa/game.js,,‚û°Ô∏è Swipe right,standard,‚Äì,‚Äì,"Teenagers 
Adults 16-25",Display,Full Screen,Engagement rate and CTR,18.52%,YES,17.63%,YES,,,YES,Increased clickable area to increase CTR,85.76%,
"Home Office
(Fire Kills 2019)
Firekills Mob 2019",,,,,,Governement,,,,,,,,,,,,,https://wat.adludio.com/games/,adunit-firekills-mob-2019/49fbb3b8d2e7b8b37c22,/game.js,https://wat.adludio.com/games/adunit-firekills-mob-2019/49fbb3b8d2e7b8b37c22/game.js,,‚¨ÖÔ∏è Swipe left,non-standard,YES,‚Äì,"Targeting Older people, men 35-54,
single parents, A16-24 and smokers",Display,Full Screen,Clicks,18.47%,Yes,9.16%,Yes,65.57%,Yes,No,N/A,89.04%,
"Home Office
(Fire Kills 2019)
Firekills Mob 2019 Plug",,,,,,,,,,,,,,,,,,,https://wat.adludio.com/games/,adunit-firekills-mob-2019-plug/27d47bcad585020aa4fe,/game.js,https://wat.adludio.com/games/adunit-firekills-mob-2019-plug/27d47bcad585020aa4fe/game.js,,,,,,,,Full Screen,,,,,,,,,,,
"Home Office
(Fire Kills 2019)
Firekills Mob 2019 Cooking",,,,,,,,,,,,,,,,,,,https://wat.adludio.com/games/,adunit-firekills-mob-2019-cooking/ca86ce9537553258f221,/game.js,https://wat.adludio.com/games/adunit-firekills-mob-2019-cooking/ca86ce9537553258f221/game.js,,,,,,,,Full Screen,,,,,,,,,,,
"Levis
Mad",,,,,,Fashion,,,,,,,,,,,,,https://wat.adludio.com/games/,0e88949bd885d4d7e89478eb179b8857/bb4fa90ca3a6987a6887,/game.js,https://wat.adludio.com/games/0e88949bd885d4d7e89478eb179b8857/bb4fa90ca3a6987a6887/game.js,,üîò Press & Hold,standard,YES,‚Äì,"Teenagers 
contempory fashion ",Display,Full Screen,Drive traffic to landing page (Instagram),18.46%,Yes,2.26%,No,57.70%,Yes,No,N/A,87.76%,
"Estee Lauder 
(Holiday) Heathrow
Estee Lauder Holiday Heathrow",,,,,,Beauty,,,,,,,,,,,,,https://wat.adludio.com/games/,adunit-estee-lauder-holiday-heathrow/3f4d7996f952fa29f66e,/game.js,https://wat.adludio.com/games/adunit-estee-lauder-holiday-heathrow/3f4d7996f952fa29f66e/game.js,,‚û°Ô∏è Swipe right,standard,‚Äì,‚Äì,"FEMALES (70%) 
MALES (30%), AGED 18+",Display,Full Screen,Engagement rate,18.39%,Yes,,,,,,,86.00%,
"Estee Lauder 
(Holiday) Amsterdam",,,,,,,,,,,,,,,,,,,https://wat.adludio.com/games/,adunit-estee-lauder-holiday-amsterdam/04ea553ae16c45dd7f7d,/game.js,https://wat.adludio.com/games/adunit-estee-lauder-holiday-amsterdam/04ea553ae16c45dd7f7d/game.js,,,,,,,,Full Screen,,,,,,,,,,,
"Estee Lauder 
(Holiday) CDG",,,,,,,,,,,,,,,,,,,https://wat.adludio.com/games/,adunit-estee-lauder-holiday-cdg/e79dd4ff08d79ae64bdd,/game.js,https://wat.adludio.com/games/adunit-estee-lauder-holiday-cdg/e79dd4ff08d79ae64bdd/game.js,,,,,,,,Full Screen,,,,,,,,,,,
"Estee Lauder 
(Holiday) Dubai",,,,,,,,,,,,,,,,,,,https://wat.adludio.com/games/,adunit-estee-lauder-holiday-dubai/833ab776ee4e0b7c977e,/game.js,https://wat.adludio.com/games/adunit-estee-lauder-holiday-dubai/833ab776ee4e0b7c977e/game.js,,,,,,,,Full Screen,,,,,,,,,,,
"Estee Lauder 
(Holiday) Gatwick",,,,,,,,,,,,,,,,,,,https://wat.adludio.com/games/,adunit-estee-lauder-holiday-gatwick/a5ec6a453f41b5bc0eee,/game.js,https://wat.adludio.com/games/adunit-estee-lauder-holiday-gatwick/a5ec6a453f41b5bc0eee/game.js,,,,,,,,Full Screen,,,,,,,,,,,
"Estee Lauder 
(Holiday) Manchester",,,,,,,,,,,,,,,,,,,https://wat.adludio.com/games/,adunit-estee-lauder-holiday-manchester/1affab3cedb8f7b1c646,/game.js,https://wat.adludio.com/games/adunit-estee-lauder-holiday-manchester/1affab3cedb8f7b1c646/game.js,,,,,,,,Full Screen,,,,,,,,,,,
"Estee Lauder 
(Holiday)
99b029ca2366bf43dd92eb011e72bc0a",,,,,,,,,,,,,,,,,,,https://wat.adludio.com/games/,99b029ca2366bf43dd92eb011e72bc0a/d27d9cfdf74d5b38c47c,/game.js,https://wat.adludio.com/games/99b029ca2366bf43dd92eb011e72bc0a/d27d9cfdf74d5b38c47c/game.js,,,,,,,,Full Screen,,,,,,,,,,,
"Estee Lauder 
(Holiday)
E86c1bca8e367c9af40d195e70df809d",,,,,,,,,,,,,,,,,,,https://wat.adludio.com/games/,e86c1bca8e367c9af40d195e70df809d/f5e0d5d27a5e8862f3c4,/game.js,https://wat.adludio.com/games/e86c1bca8e367c9af40d195e70df809d/f5e0d5d27a5e8862f3c4/game.js,,,,,,,,Full Screen,,,,,,,,,,,
"Estee Lauder 
(Holiday)
8d33cdc0291ebf4cc215f672a8b0841e",,,,,,,,,,,,,,,,,,,https://wat.adludio.com/games/,8d33cdc0291ebf4cc215f672a8b0841e/96e5e0c7466262ff08ab,/game.js,https://wat.adludio.com/games/8d33cdc0291ebf4cc215f672a8b0841e/96e5e0c7466262ff08ab/game.js,,,,,,,,Full Screen,,,,,,,,,,,
"Estee Lauder 
(Holiday)
F57953f569c0bdf53bff318262d3a1d4",,,,,,,,,,,,,,,,,,,https://wat.adludio.com/games/,f57953f569c0bdf53bff318262d3a1d4/e22dbb763476052d8073,/game.js,https://wat.adludio.com/games/f57953f569c0bdf53bff318262d3a1d4/e22dbb763476052d8073/game.js,,,,,,,,Full Screen,,,,,,,,,,,
"Estee Lauder 
(Holiday)
E86c1bca8e367c9af40d195e70df809d",,,,,,,,,,,,,,,,,,,https://wat.adludio.com/games/,e86c1bca8e367c9af40d195e70df809d/f5e0d5d27a5e8862f3c4,/game.js,https://wat.adludio.com/games/e86c1bca8e367c9af40d195e70df809d/f5e0d5d27a5e8862f3c4/game.js,,,,,,,,Full Screen,,,,,,,,,,,
"Estee Lauder 
(Holiday) Arabic Heathrow",,,,,,,,,,,,,,,,,,,https://wat.adludio.com/games/,adunit-estee-lauder-holiday-arabic-heathrow/ea2c4e57a3848bfaa1b6,/game.js,https://wat.adludio.com/games/adunit-estee-lauder-holiday-arabic-heathrow/ea2c4e57a3848bfaa1b6/game.js,,,,,,,,Full Screen,,,,,,,,,,,
"Estee Lauder 
(Holiday) Arabic Istanbul",,,,,,,,,,,,,,,,,,,https://wat.adludio.com/games/,adunit-estee-lauder-holiday-arabic-istanbul/254b7881aeb4dc90bff5,/game.js,https://wat.adludio.com/games/adunit-estee-lauder-holiday-arabic-istanbul/254b7881aeb4dc90bff5/game.js,,,,,,,,Full Screen,,,,,,,,,,,
"Estee Lauder 
(Holiday) Arabic Gatwick",,,,,,,,,,,,,,,,,,,https://wat.adludio.com/games/,adunit-estee-lauder-holiday-arabic-gatwick/05aaf9e82dcbda3dc31d,/game.js,https://wat.adludio.com/games/adunit-estee-lauder-holiday-arabic-gatwick/05aaf9e82dcbda3dc31d/game.js,,,,,,,,Full Screen,,,,,,,,,,,
"Estee Lauder 
(Holiday) Arabic Dubai",,,,,,,,,,,,,,,,,,,https://wat.adludio.com/games/,adunit-estee-lauder-holiday-arabic-dubai/1def152164f599cfa15b,/game.js,https://wat.adludio.com/games/adunit-estee-lauder-holiday-arabic-dubai/1def152164f599cfa15b/game.js,,,,,,,,Full Screen,,,,,,,,,,,
"Estee Lauder 
(Holiday) ArabicAbuDhabi",,,,,,,,,,,,,,,,,,,https://wat.adludio.com/games/,adunit-estee-lauder-holiday-arabic-abudhabi/12eff8b3988ffcd634c3,/game.js,https://wat.adludio.com/games/adunit-estee-lauder-holiday-arabic-abudhabi/12eff8b3988ffcd634c3/game.js,,,,,,,,Full Screen,,,,,,,,,,,
"Miu Miu 
Fleur D‚ÄôArgent",,,,,,Beauty,,,,,,,,,,,,,https://wat.adludio.com/games/,02dc43c798e6894dc50f9495122bdb9a/26e7606e322662e0e1da,/game.js,https://wat.adludio.com/games/02dc43c798e6894dc50f9495122bdb9a/26e7606e322662e0e1da/game.js,,üì≥ Shake,standard,‚Äì,‚Äì,"Females A18-34
the contemporary sexy woman, young 
experimental and edgy",,Full Screen,,,,,,,,,,68.65%,
"Lego 
(A World of Imagination)
96d751d30fc90f6a4277091230984253",,,,,,Toys & Games,,,,,,,,,,,,,https://wat.adludio.com/games/,96d751d30fc90f6a4277091230984253/3e8188452338c911529f,/game.js,https://wat.adludio.com/games/96d751d30fc90f6a4277091230984253/3e8188452338c911529f/game.js,,üì≥ Shake,standard,YES,‚Äì,"Fans of Lego
Children aged 5-12",Display,Full Screen,Engagement,18.24%,Yes,48.40%,Yes,71.54%,YES,No,,82.40%,
"Lego 
(A World of Imagination)
B5d0f0a20463b924e37ca6c893961642",,,,,,,,,,,,,,,,,,,https://wat.adludio.com/games/,b5d0f0a20463b924e37ca6c893961642/f4775cb3ddd34b6eb45d,/game.js,https://wat.adludio.com/games/b5d0f0a20463b924e37ca6c893961642/f4775cb3ddd34b6eb45d/game.js,,üì≥ Shake,,,,,,Full Screen,,,,,,,,,,,
"Lego 
(A World of Imagination)
2f45836a23deaa6b962494a21b2f839c",,,,,,,,,,,,,,,,,,,https://wat.adludio.com/games/,2f45836a23deaa6b962494a21b2f839c/ddc5e772c1ddaf9d5de3,/game.js,https://wat.adludio.com/games/2f45836a23deaa6b962494a21b2f839c/ddc5e772c1ddaf9d5de3/game.js,,‚¶øüëÜTap,,,,,,Full Screen,,,,,,,,,,,
"Lego 
(A World of Imagination)
3048634f808c27ae69d41e7979188038",,,,,,,,,,,,,,,,,,,https://wat.adludio.com/games/,3048634f808c27ae69d41e7979188038/c86ebb976e3690eae2a1,/game.js,https://wat.adludio.com/games/3048634f808c27ae69d41e7979188038/c86ebb976e3690eae2a1/game.js,,üì≥ Shake,,,,,,Full Screen,,,,,,,,,,,
"Miu Miu
(Christmas 2018)",,,,,,Beauty,,,,,,,,,,,,,https://wat.adludio.com/games/,,/game.js,,,üì≥ Shake,standard,‚Äì,‚Äì,Females A18-34,Display,Full Screen,Engagement rate and CTR,18.04%,YES,1.33%,NO,,,NO,,,
"Epson 
Ecotank
505ff7b2de130bb3b42f4f559fb056da",,,,,,Technology,,,,,,,,,,,,,https://wat.adludio.com/games/,505ff7b2de130bb3b42f4f559fb056da/98368d20c8084b144f25,/game.js,https://wat.adludio.com/games/505ff7b2de130bb3b42f4f559fb056da/98368d20c8084b144f25/game.js,,‚¨áÔ∏è Swipe down,standard,‚Äì,‚Äì,"adults
people wanting to save on printers",Display,Full Screen,Landed traffic,17.97%,Yes,8.43%,Yes,N/A,N/A,No,N/A,91.01%,
"Epson 
Ecotank
10171f751d2a84ffd1b1fc0ba9655549",,,,,,,,,,,,,,,,,,,https://wat.adludio.com/games/,10171f751d2a84ffd1b1fc0ba9655549/3459cb6f3712bb4f093b,/game.js,https://wat.adludio.com/games/10171f751d2a84ffd1b1fc0ba9655549/3459cb6f3712bb4f093b/game.js,,,,,,,,Full Screen,,,,,,,,,,,
"Epson 
Ecotank
1c78ea8c4f84c493d9a55e56fdf7125e",,,,,,,,,,,,,,,,,,,https://wat.adludio.com/games/,1c78ea8c4f84c493d9a55e56fdf7125e/9f60c04c70f42d8cf4f3,/game.js,https://wat.adludio.com/games/1c78ea8c4f84c493d9a55e56fdf7125e/9f60c04c70f42d8cf4f3/game.js,,,,,,,,MPU,,,,,,,,,,,
"Epson 
Ecotank
03b43eacc2bd198219139136e1b3fa1b",,,,,,,,,,,,,,,,,,,https://wat.adludio.com/games/,03b43eacc2bd198219139136e1b3fa1b/8694c0d0ddd35ed03eea,/game.js,https://wat.adludio.com/games/03b43eacc2bd198219139136e1b3fa1b/8694c0d0ddd35ed03eea/game.js,,,,,,,,MPU,,,,,,,,,,,
"La Mer 
Mystery Cream
Lamer Mystery Cream Russia Russian",,,,,,Beauty,,,,,,,,,,,,,https://wat.adludio.com/games/,adunit-lamer-mystery-cream-russia-russian/d61e5ea15355d658f1a2,/game.js,https://wat.adludio.com/games/adunit-lamer-mystery-cream-russia-russian/d61e5ea15355d658f1a2/game.js,,‚¨ÖÔ∏è Swipe left,standard,‚Äì,‚Äì,"Affluent 
TRAVELLERS 
FEMALE, AGED 25+.",Display,Full Screen,Engagement rate,17.96%,Yes,,,,,,,85.00%,
"La Mer 
Mystery Cream
Lamer Mystery Cream Rome Italian",,,,,,,,,,,,,,,,,,,https://wat.adludio.com/games/,adunit-lamer-mystery-cream-rome-italian/e5d2517f77a6790e820d,/game.js,https://wat.adludio.com/games/adunit-lamer-mystery-cream-rome-italian/e5d2517f77a6790e820d/game.js,,,,,,,,Full Screen,,,,,,,,,,,
"La Mer 
Mystery Cream
Lamer Mystery Cream Dubai Arabic",,,,,,,,,,,,,,,,,,,https://wat.adludio.com/games/,adunit-lamer-mystery-cream-dubai-arabic/985b768cc15ba7923d71,/game.js,https://wat.adludio.com/games/adunit-lamer-mystery-cream-dubai-arabic/985b768cc15ba7923d71/game.js,,,,,,,,Full Screen,,,,,,,,,,,
"La Mer 
Mystery Cream
Lamer Mystery Cream Dubai English",,,,,,,,,,,,,,,,,,,https://wat.adludio.com/games/,adunit-lamer-mystery-cream-dubai-english/7630876fc263e74f8c04,/game.js,https://wat.adludio.com/games/adunit-lamer-mystery-cream-dubai-english/7630876fc263e74f8c04/game.js,,,,,,,,Full Screen,,,,,,,,,,,
"La Mer 
Mystery Cream
Lamer Mystery Cream Doha English",,,,,,,,,,,,,,,,,,,https://wat.adludio.com/games/,adunit-lamer-mystery-cream-doha-english/d390913ded12294c47f5,/game.js,https://wat.adludio.com/games/adunit-lamer-mystery-cream-doha-english/d390913ded12294c47f5/game.js,,,,,,,,Full Screen,,,,,,,,,,,
"La Mer 
Mystery Cream
Lamer Mystery Cream Abudhabi English",,,,,,,,,,,,,,,,,,,https://wat.adludio.com/games/,adunit-lamer-mystery-cream-abudhabi-english/7a9e546ac13a650e2051,/game.js,https://wat.adludio.com/games/adunit-lamer-mystery-cream-abudhabi-english/7a9e546ac13a650e2051/game.js,,,,,,,,Full Screen,,,,,,,,,,,
"La Mer 
Mystery Cream
Lamer Mystery Cream Rome English",,,,,,,,,,,,,,,,,,,https://wat.adludio.com/games/,adunit-lamer-mystery-cream-rome-english/d3624ac7905fafb8555f,/game.js,https://wat.adludio.com/games/adunit-lamer-mystery-cream-rome-english/d3624ac7905fafb8555f/game.js,,,,,,,,Full Screen,,,,,,,,,,,
"La Mer 
Mystery Cream
Lamer Mystery Cream Milan English",,,,,,,,,,,,,,,,,,,https://wat.adludio.com/games/,adunit-lamer-mystery-cream-milan-english/4d6e8060f584788d2d2c,/game.js,https://wat.adludio.com/games/adunit-lamer-mystery-cream-milan-english/4d6e8060f584788d2d2c/game.js,,,,,,,,Full Screen,,,,,,,,,,,
"La Mer 
Mystery Cream
Lamer Mystery Cream Russia English",,,,,,,,,,,,,,,,,,,https://wat.adludio.com/games/,adunit-lamer-mystery-cream-russia-english/8b37158305df54a3dcae,/game.js,https://wat.adludio.com/games/adunit-lamer-mystery-cream-russia-english/8b37158305df54a3dcae/game.js,,,,,,,,Full Screen,,,,,,,,,,,
"La Mer 
Mystery Cream
Lamer Mystery Cream London Heathrow",,,,,,,,,,,,,,,,,,,https://wat.adludio.com/games/,adunit-lamer-mystery-cream-london-heathrow/b8c42a08af6482182e64,/game.js,https://wat.adludio.com/games/adunit-lamer-mystery-cream-london-heathrow/b8c42a08af6482182e64/game.js,,,,,,,,Full Screen,,,,,,,,,,,
"La Mer 
Mystery Cream
Lamer Mystery Cream London Stansted",,,,,,,,,,,,,,,,,,,https://wat.adludio.com/games/,adunit-lamer-mystery-cream-london-stansted/1d6abe6be530f80b19f7,/game.js,https://wat.adludio.com/games/adunit-lamer-mystery-cream-london-stansted/1d6abe6be530f80b19f7/game.js,,,,,,,,Full Screen,,,,,,,,,,,
"La Mer 
Mystery Cream
Lamer Mystery Cream London Gatwick",,,,,,,,,,,,,,,,,,,https://wat.adludio.com/games/,adunit-lamer-mystery-cream-london-gatwick/d00675ea9d9f3868c008,/game.js,https://wat.adludio.com/games/adunit-lamer-mystery-cream-london-gatwick/d00675ea9d9f3868c008/game.js,,,,,,,,Full Screen,,,,,,,,,,,
"La Mer 
Mystery Cream
Lamer Mystery Cream Amsterdam English",,,,,,,,,,,,,,,,,,,https://wat.adludio.com/games/,adunit-lamer-mystery-cream-amsterdam-english/b7d10d384e1e4dd00338,/game.js,https://wat.adludio.com/games/adunit-lamer-mystery-cream-amsterdam-english/b7d10d384e1e4dd00338/game.js,,,,,,,,Full Screen,,,,,,,,,,,
"La Mer 
Mystery Cream
Lamer Mystery Cream Copenhagen English",,,,,,,,,,,,,,,,,,,https://wat.adludio.com/games/,adunit-lamer-mystery-cream-copenhagen-english/035d343de984ae9d057c,/game.js,https://wat.adludio.com/games/adunit-lamer-mystery-cream-copenhagen-english/035d343de984ae9d057c/game.js,,,,,,,,Full Screen,,,,,,,,,,,
"La Mer 
Mystery Cream
Lamer Mystery Cream Helsinki English",,,,,,,,,,,,,,,,,,,https://wat.adludio.com/games/,adunit-lamer-mystery-cream-helsinki-english/a194e5e7f0f29f1d8a53,/game.js,https://wat.adludio.com/games/adunit-lamer-mystery-cream-helsinki-english/a194e5e7f0f29f1d8a53/game.js,,,,,,,,Full Screen,,,,,,,,,,,
"La Mer 
Mystery Cream
Lamer Mystery Cream Manchester English",,,,,,,,,,,,,,,,,,,https://wat.adludio.com/games/,adunit-lamer-mystery-cream-manchester-english/d82388a6f5b206b7f2d7,/game.js,https://wat.adludio.com/games/adunit-lamer-mystery-cream-manchester-english/d82388a6f5b206b7f2d7/game.js,,,,,,,,Full Screen,,,,,,,,,,,
"La Mer 
Mystery Cream
Lamer Mystery Cream Cdg English",,,,,,,,,,,,,,,,,,,https://wat.adludio.com/games/,adunit-lamer-mystery-cream-cdg-english/0a521b9152dfea6c7bfc,/game.js,https://wat.adludio.com/games/adunit-lamer-mystery-cream-cdg-english/0a521b9152dfea6c7bfc/game.js,,,,,,,,Full Screen,,,,,,,,,,,
"La Mer 
Mystery Cream
Lamer Mystery Cream Muc English",,,,,,,,,,,,,,,,,,,https://wat.adludio.com/games/,adunit-lamer-mystery-cream-muc-english/76b053993224c203d8da,/game.js,https://wat.adludio.com/games/adunit-lamer-mystery-cream-muc-english/76b053993224c203d8da/game.js,,,,,,,,Full Screen,,,,,,,,,,,
"La Mer 
Mystery Cream
Lamer Mystery Cream Frankfurt English",,,,,,,,,,,,,,,,,,,https://wat.adludio.com/games/,adunit-lamer-mystery-cream-frankfurt-english/505e5f22bdc562e50e61,/game.js,https://wat.adludio.com/games/adunit-lamer-mystery-cream-frankfurt-english/505e5f22bdc562e50e61/game.js,,,,,,,,Full Screen,,,,,,,,,,,
"La Mer 
Mystery Cream
Lamer Mystery Cream Cdg French",,,,,,,,,,,,,,,,,,,https://wat.adludio.com/games/,adunit-lamer-mystery-cream-cdg-french/403a7997e3c1ed639639,/game.js,https://wat.adludio.com/games/adunit-lamer-mystery-cream-cdg-french/403a7997e3c1ed639639/game.js,,,,,,,,Full Screen,,,,,,,,,,,
"La Mer 
Mystery Cream
Lamer Mystery Cream Muc German",,,,,,,,,,,,,,,,,,,https://wat.adludio.com/games/,adunit-lamer-mystery-cream-muc-german/8a307e9aa01879bbc22a,/game.js,https://wat.adludio.com/games/adunit-lamer-mystery-cream-muc-german/8a307e9aa01879bbc22a/game.js,,,,,,,,Full Screen,,,,,,,,,,,
"Cartier Clou
Cartier Clou Party Mpu",,,,,,Jewelry,,,,,,,,,,,,,https://wat.adludio.com/games/,adunit-cartier-clou-party-mpu/adb145496f888bcb562a,/game.js,https://wat.adludio.com/games/adunit-cartier-clou-party-mpu/adb145496f888bcb562a/game.js,,üîò Press & Hold,standard,YES,,"People aged 18-45
interested in modern trends and fashion 
attends social gatherings and art shows",Display,MPU,Engagement rate and CTR,6.78%,NO,17.24%,YES,40.78%,YES,NO,,75.28%,
"Cartier Clou
Cartier Clou Sunrise Mpu",,,,,,,,,,,,,,,,,,,https://wat.adludio.com/games/,adunit-cartier-clou-sunrise-mpu/a1a724a3e3fe30264bb2,/game.js,https://wat.adludio.com/games/adunit-cartier-clou-sunrise-mpu/a1a724a3e3fe30264bb2/game.js,,,,,,,,MPU,,,,,,,,,,,
"Van Cleef & Arpels 
(Alhambra Christmas)
859146d47e364393ab755e3375de4cd0",,,,,,Jewelry,,,,,,,,,,,,,https://wat.adludio.com/games/,859146d47e364393ab755e3375de4cd0/45dba464656c2e23cc38,/game.js,https://wat.adludio.com/games/859146d47e364393ab755e3375de4cd0/45dba464656c2e23cc38/game.js,,"‚óæÔ∏èüëÜüî≤ Drag & Drop
",standard,YES,‚Äì,"Female 25+, interest in luxury goods 
jewelry and watches",Display,Full Screen,Engagement rate and CTR,10.12%,NO,2.52%,NO,62.65%,YES,YES,"Edited the drag interaction to be shorter as engagement rate was low, then changed it to TAP to further push performance",80.91%,
"Van Cleef & Arpels 
(Alhambra Christmas)
0696ba20a417cd28df5c96171efe1e59",,,,,,,,,,,,,,,,,,,https://wat.adludio.com/games/,0696ba20a417cd28df5c96171efe1e59/a0f103f0ba10cccbc735,/game.js,https://wat.adludio.com/games/0696ba20a417cd28df5c96171efe1e59/a0f103f0ba10cccbc735/game.js,,,,,,,,MPU,,,,,,,,,,,
"Chaumet 
Josephine Collection
Beb741a96e577f3bff9b692bf621c931",,,,,,Jewelry,,,,,,,,,,,,,https://wat.adludio.com/games/,beb741a96e577f3bff9b692bf621c931/ecc9b714ceff6e18efcd,/game.js,https://wat.adludio.com/games/beb741a96e577f3bff9b692bf621c931/ecc9b714ceff6e18efcd/game.js,,‚¨ÖÔ∏è Swipe left,standard,YES,‚Äì,"Female 35-55 
Affluent, Interested in luxury jewellery",,Full Screen,,,,,,,,,,84.94%,
"Chaumet 
Josephine Collection
B1245bc981983f3ca98b1c7c30a38357",,,,,,,,,,,,,,,,,,,https://wat.adludio.com/games/,b1245bc981983f3ca98b1c7c30a38357/09232835b211a410bbc5,/game.js,https://wat.adludio.com/games/b1245bc981983f3ca98b1c7c30a38357/09232835b211a410bbc5/game.js,,,,,,,,MPU,,,,,,,,,,,
"Chaumet 
Josephine (Jan)
C2a99ed73174ac45be17af872c1347c1",,,,,,Jewelry,,,,,,,,,,,,,https://wat.adludio.com/games/,c2a99ed73174ac45be17af872c1347c1/45a89f0db184770d3fb4,/game.js,https://wat.adludio.com/games/c2a99ed73174ac45be17af872c1347c1/45a89f0db184770d3fb4/game.js,,‚¨áÔ∏è Swipe down,standard,YES,‚Äì,"Female 35-55, Affluent 
Interested in luxury jewellery",Display,Full Screen,Engagement rate and CTR,12.67%,NO,12.76%,YES,48.10%,YES,,,84.94%,
"Chaumet 
Josephine (Jan)
361fc8c75a45b3313df7fa380faaa7ef",,,,,,,,,,,,,,,,,,,https://wat.adludio.com/games/,361fc8c75a45b3313df7fa380faaa7ef,/game.js,https://wat.adludio.com/games/361fc8c75a45b3313df7fa380faaa7ef/game.js,,,,,,,,MPU,,,,,,,,,,,
"Cartier 
(Santos Wave 2)",,,,,,Jewelry,,,,,,,,,,,,,https://wat.adludio.com/games/,d6f357476476f1fa575bc07083549b74/793afad2c331be3bef85,/game.js,https://wat.adludio.com/games/d6f357476476f1fa575bc07083549b74/793afad2c331be3bef85/game.js,,üîò Press & Hold,standard,YES,‚Äì,"Affluent
People aged 30+
Male majority ",Display,MPU,Engagement rate and CTR,10.99%,NO,4.51%,NO,,,,,88.97%,
"Cartier 
(Santos Wave 2)
Cartier Hk Santos Phase2 Mpu Eng",,,,,,Jewelry,,,,,,,,,,,,,https://wat.adludio.com/games/,adunit-cartier-hk-santos-phase2-mpu-eng/3995b94e8c7982487fd6,/game.js,https://wat.adludio.com/games/adunit-cartier-hk-santos-phase2-mpu-eng/3995b94e8c7982487fd6/game.js,,üîò Press & Hold,standard,‚Äì,YES,"Affluent
People aged 30+
Male majority ",Display,MPU,Engagement rate and CTR,12.41%,NO,8.99%,YES,,,,,,
"Cartier 
(Santos Wave 2)
Cartier Hk Santos Phase2 Mpu Chinese",,,,,,,,,,,,,,,,,,,https://wat.adludio.com/games/,adunit-cartier-hk-santos-phase2-mpu-chinese/2cc3066786871cd84815,/game.js,https://wat.adludio.com/games/adunit-cartier-hk-santos-phase2-mpu-chinese/2cc3066786871cd84815/game.js,,,,,,,,MPU,,,,,,,,,,,
"Cartier 
Christmas",,,,,,Jewelry,,,,,,,,,,,,,https://wat.adludio.com/games/,958122605ef696f128fab11bcaf9929b/ca0912461041286b94fd,/game.js,https://wat.adludio.com/games/958122605ef696f128fab11bcaf9929b/ca0912461041286b94fd/game.js,,üîò Press & Hold,standard,YES,_,"Whitelist only 
interested in jewelry, watches, fashion",,MPU,,,,,,,,,,,
"Standard Chartered 
(Unlimited Cashback)",,,,,,Financial,,,,,,,,,,,,,https://wat.adludio.com/games/,cdab191cd5c0fb6b86540c2684a5d72a/5db434fda241b3c0fdff,/game.js,https://wat.adludio.com/games/cdab191cd5c0fb6b86540c2684a5d72a/5db434fda241b3c0fdff/game.js,,‚¨ÜÔ∏è Swipe up,standard,‚Äì,‚Äì,"Interests in shopping, news, 
lifestyle, travel, Paris, Europe and rewards",Display,Full Screen,Engagement rate and CTR,17.94%,YES,8.23%,YES,,,NO,,92.25%,
"MBS ASM 
(Future World)",,,,,,"Event, exhibition",,,,,,,,,,,,,https://wat.adludio.com/games/,4432487fbfba0760a1a3107dbf4b1980/e589d3b3ade91f25cb99,/game.js,https://wat.adludio.com/games/4432487fbfba0760a1a3107dbf4b1980/e589d3b3ade91f25cb99/game.js,,‚¨áÔ∏è Swipe down,standard,YES,‚Äì,"Planners and experience seekers
Families
",Display,Full Screen,Engagement rate and CTR,17.91%,YES,2.57%,NO,34.58%,YES,NO,,76.62%,
"Epson 
Home Cinema",,,,,,Technology,,,,,,,,,,,,,https://wat.adludio.com/games/,87168529fb8b47ddef7d33cee20df7ca/d290617801cce8b55602,/game.js,https://wat.adludio.com/games/87168529fb8b47ddef7d33cee20df7ca/d290617801cce8b55602/game.js,,‚¨ÖÔ∏è Swipe left,standard,‚Äì,‚Äì,"Adults
looking to buy alternative to a TV",Social,Full Screen,clicks ,N/A,N/A,N/A,N/A,N/A,N/A,N/A,N/A,,
"Glam Glow 
(Super & Thirsty Mud)
Glamglow Mud",,,,,,Beauty,,,,,,,,,,,,,https://wat.adludio.com/games/,adunit-glamglow-mud/a232f9e9cb0086125ddb,/game.js,https://wat.adludio.com/games/adunit-glamglow-mud/a232f9e9cb0086125ddb/game.js,,„Ä∞Ô∏èüëà Scrub,non-standard,‚Äì,‚Äì,"RUSSIAN & BRITISH MILLENNIALS
Skin care ",Display,Full Screen,Engagement rate,17.79%,Yes,,,,,,,85.82%,
"Glam Glow 
(Super & Thirsty Mud)
Glamglow Mud Russ",,,,,,,,,,,,,,,,,,,https://wat.adludio.com/games/,adunit-glamglow-mud-russ/8be94637e087d8f455a7,/game.js,https://wat.adludio.com/games/adunit-glamglow-mud-russ/8be94637e087d8f455a7/game.js,,,,,,,,Full Screen,,,,,,,,,,,
"M&S Fashion
A/W 2018
Mns Autumn 18",,,,,,Fashion,,,,,,,,,,,,,https://wat.adludio.com/games/,adunit-mns-autumn-18/2adc0648e5b5e60a6b84,/game.js,https://wat.adludio.com/games/adunit-mns-autumn-18/2adc0648e5b5e60a6b84/game.js,,üîò Press & Hold,non-standard,‚Äì,YES,"Cheap Fashion
Adults A18-30
",Display,Full Screen,"CTR, Sales",17.21%,Yes,10.63%,Yes,N/A,N/A,"Yes
Phase 1: Press and hold
Phases 2+3: Tap to choose (1 of 3 panels)",,84.74%,
"M&S Fashion
A/W 2018
Mns Autumn Winter Holly Mob",,,,,,,,,,,,,,,,,,,https://wat.adludio.com/games/,adunit-mns-autumn-winter-holly-mob/9583e480fd400bb3c407,/game.js,https://wat.adludio.com/games/adunit-mns-autumn-winter-holly-mob/9583e480fd400bb3c407/game.js,,,,,,,,Full Screen,,,,,,,,,,,
"M&S Fashion
A/W 2018
Mns Autumn Winter Holly Phase2 Mob",,,,,,,,,,,,,,,,,,,https://wat.adludio.com/games/,adunit-mns-autumn-winter-holly-phase2-mob/3bdfc4403476836a6859,/game.js,https://wat.adludio.com/games/adunit-mns-autumn-winter-holly-phase2-mob/3bdfc4403476836a6859/game.js,,,,,,,,Full Screen,,,,,,,,,,,
"M&S Fashion
A/W 2018
Mns Autumn Winter Holly Phase2 V2 Mob",,,,,,,,,,,,,,,,,,,https://wat.adludio.com/games/,adunit-mns-autumn-winter-holly-phase2-v2-mob/ba2cf06a41ecd83e06da/,/game.js,https://wat.adludio.com/games/adunit-mns-autumn-winter-holly-phase2-v2-mob/ba2cf06a41ecd83e06da//game.js,,,,,,,,Full Screen,,,,,,,,,,,
"M&S Fashion
A/W 2018
Mns Autumn Winter Holly Mob Demo",,,,,,,,,,,,,,,,,,,https://wat.adludio.com/games/,dunit-mns-autumn-winter-holly-mob-demo/814503f8578ddb53e66e,/game.js,https://wat.adludio.com/games/dunit-mns-autumn-winter-holly-mob-demo/814503f8578ddb53e66e/game.js,,,,,,,,Full Screen,,,,,,,,,,,
"M&S Fashion
A/W 2018
Mns Autumn Winter Holly Phase2 V2 Mob Demo",,,,,,,,,,,,,,,,,,,https://wat.adludio.com/games/,adunit-mns-autumn-winter-holly-phase2-v2-mob-demo/af1b85590eaedb26e742,/game.js,https://wat.adludio.com/games/adunit-mns-autumn-winter-holly-phase2-v2-mob-demo/af1b85590eaedb26e742/game.js,,,,,,,,Full Screen,,,,,,,,,,,
Ford Focus Active,,,,,,Automotive,,,,,,,,,,,,,https://wat.adludio.com/games/,4bfd59e4cfab955a8ad17666e75d7c5e/7e7268b98cb7b0995560,/game.js,https://wat.adludio.com/games/4bfd59e4cfab955a8ad17666e75d7c5e/7e7268b98cb7b0995560/game.js,,üîò Press & Hold,standard,YES,‚Äì,"Ford driver fans 
Adults A18-30",Display,Full Screen,Engagements,17.15%,Yes,4.30%,Yes,56.82%,Yes,No,N/A,82.92%,
"Stanley Storage Fatmax
Bc258ee7c35124b8a91c0f4894968bf6",,,,,,Construction/DIY,,,,,,,,,,,,,https://wat.adludio.com/games/,bc258ee7c35124b8a91c0f4894968bf6/044774bb07a3599fea28,/game.js,https://wat.adludio.com/games/bc258ee7c35124b8a91c0f4894968bf6/044774bb07a3599fea28/game.js,,üì≥ Shake,standard,‚Äì,‚Äì,"adults
Male A25-40",,Full Screen,,,,,,,,,,83.99%,
Stanley Storage Fatmax BIO,,,,,,,,,,,,,,,,,,,https://wat.adludio.com/games/,adunit-stanley-storage-bio/911b14bca911005f93fb,/game.js,https://wat.adludio.com/games/adunit-stanley-storage-bio/911b14bca911005f93fb/game.js,,,,,,,,Full Screen,,,,,,,,,,,
"Maybank 
PayNow SG Bonus",,,,,,Financial,,,,,,,,,,,,,https://wat.adludio.com/games/,8667cdd3687aad834557a5163dfe29e4/836746bc02f86fd20999,/game.js,https://wat.adludio.com/games/8667cdd3687aad834557a5163dfe29e4/836746bc02f86fd20999/game.js,,üì≥ Shake,standard,‚Äì,‚Äì,"1. Existing individual Maybank customers who are SG citizens and have not registered for PayNow
2. Existing individual Maybank customers who are SG citizens who only registered their mobile no. to Paynow
3. New customers who have not registered for PayNow",Display,Full Screen,Engagement rate and CTR,10.58%,NO,20.18%,YES,,,NO,,48.59%,
Standard Chartered - CNY,,,,,,Financial,,,,,,,,,,,,,https://wat.adludio.com/games/,9e4a199848ecb9f0cf76a08fe55cf319/b5b4ba6a0d28f5c4bc6d,/game.js,https://wat.adludio.com/games/9e4a199848ecb9f0cf76a08fe55cf319/b5b4ba6a0d28f5c4bc6d/game.js,,‚û°Ô∏è Swipe right,standard,‚Äì,‚Äì,"Targeting people interested
in Dining, Shopping, Travel, 
Chinese New Year and cartoons",Display,Full Screen,Engagement rate and CTR,11.17%,NO,6.64%,YES,,,YES,Increased clickable area to bottom half of the unit to boost CTR,,
"Lego 
(A World of Imagination)
Lego - A World of Imagination FR
715b1b7ef53373bf5c01a9426761c958",,,,,,Toys & Games,,,,,,,,,,,,,https://wat.adludio.com/games/,715b1b7ef53373bf5c01a9426761c958/b5e42852f336c5d5a621,/game.js,https://wat.adludio.com/games/715b1b7ef53373bf5c01a9426761c958/b5e42852f336c5d5a621/game.js,,‚¶øüëÜTap,standard,(frames),YES,"Fans of Lego
Children aged 5-12",Display,Full Screen,Clicks,16.76%,Yes,12.14%,Yes,,,No,N/A,82.40%,
"Lego 
(A World of Imagination)
Lego - A World of Imagination FR
5d8ab7f9b548da2920c7dff72e4813d3",,,,,,,,,,,,,,,,,,,https://wat.adludio.com/games/,5d8ab7f9b548da2920c7dff72e4813d3/41543da8488a31194938,/game.js,https://wat.adludio.com/games/5d8ab7f9b548da2920c7dff72e4813d3/41543da8488a31194938/game.js,,,,,,,,MPU,,,,,,,,,,,
"Chaumet
(Josephine) (2018)
53c7228f4557ca4f4925d54a73ff15ff",,,,,,Jewelry,,,,,,,,,,,,,https://wat.adludio.com/games/,53c7228f4557ca4f4925d54a73ff15ff/754b570c793b1a7ba1de,/game.js,https://wat.adludio.com/games/53c7228f4557ca4f4925d54a73ff15ff/754b570c793b1a7ba1de/game.js,,‚¨ÜÔ∏è Swipe up,standard,YES,‚Äì,"Female 35-55 and Affluent 
Interested in luxury jewellery",Display,MPU,Engagement rate and CTR,16.28%,YES,0.94%,NO,89.87%,YES,NO,,84.94%,
"Hulu 
(Future Man)
Hulu Future Man Mob",,,,,,"TV, online streaming,
movies",,,,,,,,,,,,,https://wat.adludio.com/games/,adunit-hulu-future-man-mob/1b12b63f4b8760f143bf,/game.js,https://wat.adludio.com/games/adunit-hulu-future-man-mob/1b12b63f4b8760f143bf/game.js,USER CHOISE,‚¶øüëÜTap,non-standard,YES,YES,"US nationwide
A18+",Display,Full Screen,5% - 10% engagemenr rate,16.13%,Yes,8.20%,Yes,n/a,n/a,No,n/a,60.47%,
"Hulu 
(Future Man)
Hulu Future Man Mob V2 Post",,,,,,,,,,,,,,,,,,,https://wat.adludio.com/games/,adunit-hulu-future-man-mob-v2-post/2acbd3520a8a1d8de320,/game.js,https://wat.adludio.com/games/adunit-hulu-future-man-mob-v2-post/2acbd3520a8a1d8de320/game.js,,,,,,,,Full Screen,,,,,,,,,,,
"Hulu 
(Future Man)
Hulu Future Man Mpu",,,,,,,,,,,,,,,,,,,https://wat.adludio.com/games/,adunit-hulu-future-man-mpu/d76c093b6b23d0dd2d0b,/game.js,https://wat.adludio.com/games/adunit-hulu-future-man-mpu/d76c093b6b23d0dd2d0b/game.js,,,,,,,,MPU,,,,,,,,,,,
"Hulu 
(Future Man)
D03c2303a527f0e2e1888a70815f4d54",,,,,,,,,,,,,,,,,,,https://wat.adludio.com/games/,d03c2303a527f0e2e1888a70815f4d54/231a961080ade71adfdc,/game.js,https://wat.adludio.com/games/d03c2303a527f0e2e1888a70815f4d54/231a961080ade71adfdc/game.js,,,,,,,,Full Screen,,,,,,,,,,,
"Hulu 
(Future Man)
2d1b85adef131a82d010681e5d90db10",,,,,,,,,,,,,,,,,,,https://wat.adludio.com/games/,2d1b85adef131a82d010681e5d90db10/e073d65723cae4b805e1,/game.js,https://wat.adludio.com/games/2d1b85adef131a82d010681e5d90db10/e073d65723cae4b805e1/game.js,,,,,,,,MPU,,,,,,,,,,,
"Hulu 

4cd03b372eed7673ce32ec8cfa1a9976",,,,,,,,,,,,,,,,,,,https://wat.adludio.com/games/,4cd03b372eed7673ce32ec8cfa1a9976/9388bea71669f1c93d09,/game.js,https://wat.adludio.com/games/4cd03b372eed7673ce32ec8cfa1a9976/9388bea71669f1c93d09/game.js,,,,,,,,MPU,,,,,,,,,,,
"Hulu 
(Future Man)
HULU FutureMan 4Answer BIO Mobile",,,,,,,,,,,,,,,,,,,https://wat.adludio.com/games/,dunit-HULU-FutureMan-4Answer-BIO-Mobile/d28090c93a827bf253e9,/game.js,https://wat.adludio.com/games/dunit-HULU-FutureMan-4Answer-BIO-Mobile/d28090c93a827bf253e9/game.js,,,,,,,,Full Screen,,,,,,,,,,,
"Hulu 
(Future Man)
Fef94e9861f783ee79996dd8458d5978",,,,,,,,,,,,,,,,,,,https://wat.adludio.com/games/,fef94e9861f783ee79996dd8458d5978/1e3af593c541769afc13,/game.js,https://wat.adludio.com/games/fef94e9861f783ee79996dd8458d5978/1e3af593c541769afc13/game.js,,,,,,,,MPU,,,,,,,,,,,
"Hulu 
(Future Man)
Hulu Future Man Mpu Original",,,,,,,,,,,,,,,,,,,https://wat.adludio.com/games/,adunit-hulu-future-man-mpu-original/5d802c9eda484075ec0f,/game.js,https://wat.adludio.com/games/adunit-hulu-future-man-mpu-original/5d802c9eda484075ec0f/game.js,,,,,,,,MPU,,,,,,,,,,,
"Asics 
Christmas",,,,,,Fashion,,,,,,,,,,,,,https://wat.adludio.com/games/,81e8e8e5c407d694364c73ed936c7e43/9f010190269fe15e4f35,/game.js,https://wat.adludio.com/games/81e8e8e5c407d694364c73ed936c7e43/9f010190269fe15e4f35/game.js,,‚¨ÖÔ∏è Swipe left,standard,YES,‚Äì,"Runners
Adults 18-45",Display,Full Screen,Engagement rate and CTR,15.94%,YES,3.62%,NO,,,NO,Made end screen fully clickable to increase CTR,71.17%,
"Which?
D94a403b6070f49267a0608ea3ffe0c9",,,,,,Technology,,,,,,,,,,,,,https://wat.adludio.com/games/,d94a403b6070f49267a0608ea3ffe0c9/9a9860613b85afb2e138,/game.js,https://wat.adludio.com/games/d94a403b6070f49267a0608ea3ffe0c9/9a9860613b85afb2e138/game.js,,‚û°Ô∏è Swipe right,standard,‚Äì,‚Äì,"adults
A25+",DIsplay,Full Screen,Landings,N/A,N/A,51.05%,Yes,N/A,N/A,No,N/A,83.75%,
"Which?
44e18134ee2dbe2eeeffa18c7abb2a4a",,,,,,,,,,,,,,,,,,,https://wat.adludio.com/games/,44e18134ee2dbe2eeeffa18c7abb2a4a/edc4dc0a9044f9f7d452,/game.js,https://wat.adludio.com/games/44e18134ee2dbe2eeeffa18c7abb2a4a/edc4dc0a9044f9f7d452/game.js,,,,,,,,MPU,,,,,,,,,,,
"National Art Council
The A List
National Arts Council A List Mob",,,,,,"Event, exhibition",,,,,,,,,,,,,https://wat.adludio.com/games/,adunit-national-arts-council-a-list-mob/975ab5ae54ed48f9b193,/game.js,https://wat.adludio.com/games/adunit-national-arts-council-a-list-mob/975ab5ae54ed48f9b193/game.js,USER CHOISE,‚óæÔ∏èüëÜDrag - Slider,non-standard,‚Äì,‚Äì,"Art Enthusiasts, Non Art Enthusiats 
Families & Kids, Outdoor enthusiasts",Display,Full Screen,Engagement rate and CTR,9.54%,NO,38.70%,YES,,,YES,Tried to increase engageable area,59.61%,
"National Art Council
The A List
National Arts Council A List Mob Second Refresh",,,,,,,,,,,,,,,,,,,https://wat.adludio.com/games/,adunit-national-arts-council-a-list-mob-second-refresh/6768307fb6b8d8f62d79,/game.js,https://wat.adludio.com/games/adunit-national-arts-council-a-list-mob-second-refresh/6768307fb6b8d8f62d79/game.js,,,,,,,,Full Screen,,,,,,,,,,,
"National Art Council
The A List
National Arts Council A List Mob Second Refresh Pips Playbox",,,,,,,,,,,,,,,,,,,https://wat.adludio.com/games/,adunit-national-arts-council-a-list-mob-second-refresh-pips-playbox/5b07f970e71653834dd1,/game.js,https://wat.adludio.com/games/adunit-national-arts-council-a-list-mob-second-refresh-pips-playbox/5b07f970e71653834dd1/game.js,,,,,,,,Full Screen,,,,,,,,,,,
"Huawei 
StorySign
B5397b0078e1943b2a5c9bfbc41c2286",,,,,,Technology,,,,,,,,,,,,,https://wat.adludio.com/games/,b5397b0078e1943b2a5c9bfbc41c2286/1269e83dda4fb57daee9,/game.js,https://wat.adludio.com/games/b5397b0078e1943b2a5c9bfbc41c2286/1269e83dda4fb57daee9/game.js,,"‚óæÔ∏èüëÜüî≤ Drag & Drop
",standard,(frames),‚Äì,"Urban and affluent adults
(slightly more male) who are ‚ÄúNew 
Entrepreneurs‚Äù with children age below 10.",,Full Screen,,,,,,,,,,47.94%,
"Huawei 
StorySign
Huawei Storysign Netherlands",,,,,,,,,,,,,,,,,,,https://wat.adludio.com/games/,adunit-huawei-storysign-netherlands/9247d31ab61adf34e3f7,/game.js,https://wat.adludio.com/games/adunit-huawei-storysign-netherlands/9247d31ab61adf34e3f7/game.js,,,,,,,,Full Screen,,,,,,,,,,,
"Huawei 
StorySign
Huawei Storysign Ger",,,,,,,,,,,,,,,,,,,https://wat.adludio.com/games/,adunit-huawei-storysign-ger/9a5606cfba79c454fc57,/game.js,https://wat.adludio.com/games/adunit-huawei-storysign-ger/9a5606cfba79c454fc57/game.js,,,,,,,,Full Screen,,,,,,,,,,,
"Huawei 
StorySign
Huawei Storysign Fra",,,,,,,,,,,,,,,,,,,https://wat.adludio.com/games/,adunit-huawei-storysign-fra/efc4cb58747bce7c733c,/game.js,https://wat.adludio.com/games/adunit-huawei-storysign-fra/efc4cb58747bce7c733c/game.js,,,,,,,,Full Screen,,,,,,,,,,,
"Huawei 
StorySign
Huawei Storysign Spain",,,,,,,,,,,,,,,,,,,https://wat.adludio.com/games/,adunit-huawei-storysign-spain/038f36712015e5edfe82,/game.js,https://wat.adludio.com/games/adunit-huawei-storysign-spain/038f36712015e5edfe82/game.js,,,,,,,,Full Screen,,,,,,,,,,,
"Huawei 
StorySign
Huawei Storysign Swiss",,,,,,,,,,,,,,,,,,,https://wat.adludio.com/games/,adunit-huawei-storysign-swiss/20fea7e0e661ac094cf1,/game.js,https://wat.adludio.com/games/adunit-huawei-storysign-swiss/20fea7e0e661ac094cf1/game.js,,,,,,,,Full Screen,,,,,,,,,,,
"Huawei 
StorySign
Huawei Storysign Belgium",,,,,,,,,,,,,,,,,,,https://wat.adludio.com/games/,adunit-huawei-storysign-belgium/c849887270d73ea167c3,/game.js,https://wat.adludio.com/games/adunit-huawei-storysign-belgium/c849887270d73ea167c3/game.js,,,,,,,,Full Screen,,,,,,,,,,,
"Huawei 
StorySign
Huawei Storysign Italy",,,,,,,,,,,,,,,,,,,https://wat.adludio.com/games/,adunit-huawei-storysign-italy/6e2ceabea589ae9c4b02,/game.js,https://wat.adludio.com/games/adunit-huawei-storysign-italy/6e2ceabea589ae9c4b02/game.js,,,,,,,,Full Screen,,,,,,,,,,,
"Huawei 
StorySign
Huawei Storysign Portugal",,,,,,,,,,,,,,,,,,,https://wat.adludio.com/games/,adunit-huawei-storysign-portugal/7987c12f702c40ca1d15,/game.js,https://wat.adludio.com/games/adunit-huawei-storysign-portugal/7987c12f702c40ca1d15/game.js,,,,,,,,Full Screen,,,,,,,,,,,
"Huawei 
StorySign
68143eb26c511cf51fa1d2cf38b97d2c",,,,,,,,,,,,,,,,,,,https://wat.adludio.com/games/,68143eb26c511cf51fa1d2cf38b97d2c/82333de7451a503d3c59,/game.js,https://wat.adludio.com/games/68143eb26c511cf51fa1d2cf38b97d2c/82333de7451a503d3c59/game.js,,,,,,,,MPU,,,,,,,,,,,
"Huawei 
StorySign
45c67c1a4d6afa020964fce55381498e",,,,,,,,,,,,,,,,,,,https://wat.adludio.com/games/,45c67c1a4d6afa020964fce55381498e/a40d796cd0445b9b8814,/game.js,https://wat.adludio.com/games/45c67c1a4d6afa020964fce55381498e/a40d796cd0445b9b8814/game.js,,,,,,,,MPU,,,,,,,,,,,
"Huawei 
StorySign
78966095ed08a72c0e06e06791f3e679",,,,,,,,,,,,,,,,,,,https://wat.adludio.com/games/,78966095ed08a72c0e06e06791f3e679/d9626d04725d260f2e41,/game.js,https://wat.adludio.com/games/78966095ed08a72c0e06e06791f3e679/d9626d04725d260f2e41/game.js,,,,,,,,MPU,,,,,,,,,,,
"Huawei 
StorySign
Aa8714a8ed6d37a1bd14d24acb06d731",,,,,,,,,,,,,,,,,,,https://wat.adludio.com/games/,aa8714a8ed6d37a1bd14d24acb06d731/22719b444b18c5668aa1,/game.js,https://wat.adludio.com/games/aa8714a8ed6d37a1bd14d24acb06d731/22719b444b18c5668aa1/game.js,,,,,,,,MPU,,,,,,,,,,,
"Huawei 
StorySign
F7abc228834c87d3c5f440615b920401",,,,,,,,,,,,,,,,,,,https://wat.adludio.com/games/,f7abc228834c87d3c5f440615b920401/017512e814930cdeea81,/game.js,https://wat.adludio.com/games/f7abc228834c87d3c5f440615b920401/017512e814930cdeea81/game.js,,,,,,,,MPU,,,,,,,,,,,
"Huawei 
StorySign
0731e0d53284f2db9d04264005d6cc61",,,,,,,,,,,,,,,,,,,https://wat.adludio.com/games/,0731e0d53284f2db9d04264005d6cc61/3a3de16a9339b28267b7,/game.js,https://wat.adludio.com/games/0731e0d53284f2db9d04264005d6cc61/3a3de16a9339b28267b7/game.js,,,,,,,,MPU,,,,,,,,,,,
"Huawei 
StorySign
Af1323852493113dc603b1722c794ebf",,,,,,,,,,,,,,,,,,,https://wat.adludio.com/games/,af1323852493113dc603b1722c794ebf/f1c463c1566268424863,/game.js,https://wat.adludio.com/games/af1323852493113dc603b1722c794ebf/f1c463c1566268424863/game.js,,,,,,,,MPU,,,,,,,,,,,
"Huawei 
StorySign
Fcd5b30312949bd13a42e9d3047c9449",,,,,,,,,,,,,,,,,,,https://wat.adludio.com/games/,fcd5b30312949bd13a42e9d3047c9449/4195f8b24c227ad2bc4f,/game.js,https://wat.adludio.com/games/fcd5b30312949bd13a42e9d3047c9449/4195f8b24c227ad2bc4f/game.js,,,,,,,,MPU,,,,,,,,,,,
"Huawei 
StorySign
468da555b7c2f2a2bb7731fbeba7acc6",,,,,,,,,,,,,,,,,,,https://wat.adludio.com/games/,468da555b7c2f2a2bb7731fbeba7acc6/7fd132c8c0a9959f7ade,/game.js,https://wat.adludio.com/games/468da555b7c2f2a2bb7731fbeba7acc6/7fd132c8c0a9959f7ade/game.js,,,,,,,,MPU,,,,,,,,,,,
"iHop N Go
81762b4dad140867f0201202dcc16b46",,,,,,Food & Drink,,,,,,,,,,,,,https://wat.adludio.com/games/,81762b4dad140867f0201202dcc16b46/67f8a6db4379363b6910,/game.js,https://wat.adludio.com/games/81762b4dad140867f0201202dcc16b46/67f8a6db4379363b6910/game.js,,‚û°Ô∏è Swipe right,standard,NO,‚Äì,"Families with children
",Display,Full Screen,$8 CPO,CPA: 5.87,"Yes, above $8 CPO goal",Conversion Rate: 4.26%,"Yes, above conv. rate benchmark ($8)",n/a,n/a,No,n/a,22.69%,
"iHop N Go
6b155224f00347b76021f0b55e57623c",,,,,,,,,,,,,,,,,,,https://wat.adludio.com/games/,6b155224f00347b76021f0b55e57623c/1b579cee3c9e822b611e,/game.js,https://wat.adludio.com/games/6b155224f00347b76021f0b55e57623c/1b579cee3c9e822b611e/game.js,,,,,,,,MPU,,,,,,,,,,,
Grab - GrabPay CNY,,,,,,Financial,,,,,,,,,,,,,https://wat.adludio.com/games/,c3fb688d1365a189e48cade810008478/553508356d5c5d68fad7,/game.js,https://wat.adludio.com/games/c3fb688d1365a189e48cade810008478/553508356d5c5d68fad7/game.js,,‚¨ÜÔ∏è Swipe up,standard,‚Äì,‚Äì,"Millennials Age 18-35, Tech Savvy 
Loves Discounts & Sales Opportunities",Display,Full Screen,Engagement rate and CTR,10.66%,NO,2.75%,NO,,,,,80.00%,
"Adidas 
(UltraBoost)",,,,,,Fashion,,,,,,,,,,,,,https://wat.adludio.com/games/,dfc2d51ae4eff6b9fa7e91483e4b874c/5076c86107ba230029fa,/game.js,https://wat.adludio.com/games/dfc2d51ae4eff6b9fa7e91483e4b874c/5076c86107ba230029fa/game.js,,‚û°Ô∏è Swipe right,standard,‚Äì,‚Äì,"Teenagers 
Adults 16-25",Display,Full Screen,"CTR, Sales",15.89%,Yes,8.10%,Yes,N/A,N/A,No,,84.49%,
"La Mer
(Arrive Hydrated)
F9fd6315f7843c7ce0107536fc7cf55a",,,,,,Beauty,,,,,,,,,,,,,https://wat.adludio.com/games/,f9fd6315f7843c7ce0107536fc7cf55a/9708f012727e8cb1c5f5,/game.js,https://wat.adludio.com/games/f9fd6315f7843c7ce0107536fc7cf55a/9708f012727e8cb1c5f5/game.js,,üîò Press & Hold,standard,YES,YES,"GEO TARGETED 
ANIMATED MOBILE DISPLAY.
Female A20-35",Display,Full Screen,Engagement rate,15.89%,Yes,,,,,,,84.80%,
"La Mer
(Arrive Hydrated)
829d2c6321ab9b24526850b8b7eac3d9",,,,,,,,,,,,,,,,,,,https://wat.adludio.com/games/,829d2c6321ab9b24526850b8b7eac3d9/2aac7a0e8bb84fd08ca2,/game.js,https://wat.adludio.com/games/829d2c6321ab9b24526850b8b7eac3d9/2aac7a0e8bb84fd08ca2/game.js,,,,,,,,Full Screen,,,,,,,,,,,
"La Mer
(Arrive Hydrated)
968b34de8ad4d6be6aba3ae2b4f0e65f",,,,,,,,,,,,,,,,,,,https://wat.adludio.com/games/,968b34de8ad4d6be6aba3ae2b4f0e65f/e456c22cd7a1d1b196e2,/game.js,https://wat.adludio.com/games/968b34de8ad4d6be6aba3ae2b4f0e65f/e456c22cd7a1d1b196e2/game.js,,,,,,,,Full Screen,,,,,,,,,,,
"La Mer
(Arrive Hydrated)
Fcdbce8a0654d882ca11dac1476bdb94",,,,,,,,,,,,,,,,,,,https://wat.adludio.com/games/,fcdbce8a0654d882ca11dac1476bdb94/41cd690c0c62eeb1fdfe,/game.js,https://wat.adludio.com/games/fcdbce8a0654d882ca11dac1476bdb94/41cd690c0c62eeb1fdfe/game.js,,,,,,,,Full Screen,,,,,,,,,,,
"La Mer
(Arrive Hydrated)
Dc4b1604807052d2724a2d616922de44",,,,,,,,,,,,,,,,,,,https://wat.adludio.com/games/,dc4b1604807052d2724a2d616922de44/0efaecdf5bdb37d245af,/game.js,https://wat.adludio.com/games/dc4b1604807052d2724a2d616922de44/0efaecdf5bdb37d245af/game.js,,,,,,,,Full Screen,,,,,,,,,,,
"La Mer
(Arrive Hydrated)
49852d31c431c6a0d74eba555ce6031e",,,,,,,,,,,,,,,,,,,https://wat.adludio.com/games/,49852d31c431c6a0d74eba555ce6031e/d9146bb1cbd49493041c,/game.js,https://wat.adludio.com/games/49852d31c431c6a0d74eba555ce6031e/d9146bb1cbd49493041c/game.js,,,,,,,,Full Screen,,,,,,,,,,,
"La Mer
(Arrive Hydrated)
5fb568481dcc179c5970491614110909",,,,,,,,,,,,,,,,,,,https://wat.adludio.com/games/,5fb568481dcc179c5970491614110909/72e8c5c763254ef195b3,/game.js,https://wat.adludio.com/games/5fb568481dcc179c5970491614110909/72e8c5c763254ef195b3/game.js,,,,,,,,Full Screen,,,,,,,,,,,
"Sony Pictures 
(The Possession of 
Hannah Grace)
A7f9b841c130e0d5e6e70a56ceaeccb7",,,,,,"TV, online streaming,
movies",,,,,,,,,,,,,https://wat.adludio.com/games/,a7f9b841c130e0d5e6e70a56ceaeccb7/b621bab1f4f8cc8b6fed,/game.js,https://wat.adludio.com/games/a7f9b841c130e0d5e6e70a56ceaeccb7/b621bab1f4f8cc8b6fed/game.js,,‚û°Ô∏è Swipe right,standard,YES,‚Äì,"Moviegoers A16-30 
Fans of Supernatural, Horror, Thriller Films",,Full Screen,,,,,,,,,,86.12%,
"Sony Pictures 
(The Possession of 
Hannah Grace)
Ea9310bcee641b9428f902ae77dca84a",,,,,,,,,,,,,,,,,,,https://wat.adludio.com/games/,ea9310bcee641b9428f902ae77dca84a/71c5bb3a8acf522ff916,/game.js,https://wat.adludio.com/games/ea9310bcee641b9428f902ae77dca84a/71c5bb3a8acf522ff916/game.js,,,,,,,,Full Screen,,,,,,,,,,,
"Estee Lauder Oculus
16f4c847eee4c441c5511237e195511c",,,,,,Beauty,,,,,,,,,,,,,https://wat.adludio.com/games/,16f4c847eee4c441c5511237e195511c/aed8a352a39484c0bbf2,/game.js,https://wat.adludio.com/games/16f4c847eee4c441c5511237e195511c/aed8a352a39484c0bbf2/game.js,,‚¶øüëÜTap,standard,YES,YES,"FEMALES AGED 18+
staying awake and looking at screens",Display,Full Screen,Engagement rate,15.86%,Yes,,,,,,,92.82%,
"Estee Lauder Oculus
16f4c847eee4c441c5511237e195511c Ar",,,,,,,,,,,,,,,,,,,https://wat.adludio.com/games/,16f4c847eee4c441c5511237e195511c-ar/536b8c333f8ea133bf11,/game.js,https://wat.adludio.com/games/16f4c847eee4c441c5511237e195511c-ar/536b8c333f8ea133bf11/game.js,,,,,,,,Full Screen,,,,,,,,,,,
"Estee Lauder Oculus
16f4c847eee4c441c5511237e195511c Es",,,,,,,,,,,,,,,,,,,https://wat.adludio.com/games/,16f4c847eee4c441c5511237e195511c-es/9aeea0a233737219a404,/game.js,https://wat.adludio.com/games/16f4c847eee4c441c5511237e195511c-es/9aeea0a233737219a404/game.js,,,,,,,,Full Screen,,,,,,,,,,,
"Estee Lauder Oculus
16f4c847eee4c441c5511237e195511c Fr",,,,,,,,,,,,,,,,,,,https://wat.adludio.com/games/,16f4c847eee4c441c5511237e195511c-fr/6df27b0155c9a1e1154b,/game.js,https://wat.adludio.com/games/16f4c847eee4c441c5511237e195511c-fr/6df27b0155c9a1e1154b/game.js,,,,,,,,Full Screen,,,,,,,,,,,
"Estee Lauder Oculus
16f4c847eee4c441c5511237e195511c It",,,,,,,,,,,,,,,,,,,https://wat.adludio.com/games/,16f4c847eee4c441c5511237e195511c-it/7e5c17d386fd2314d263,/game.js,https://wat.adludio.com/games/16f4c847eee4c441c5511237e195511c-it/7e5c17d386fd2314d263/game.js,,,,,,,,Full Screen,,,,,,,,,,,
"Estee Lauder Oculus
16f4c847eee4c441c5511237e195511c It2",,,,,,,,,,,,,,,,,,,https://wat.adludio.com/games/,16f4c847eee4c441c5511237e195511c-it2/e2d91b201032819cdae4,/game.js,https://wat.adludio.com/games/16f4c847eee4c441c5511237e195511c-it2/e2d91b201032819cdae4/game.js,,,,,,,,Full Screen,,,,,,,,,,,
"Visit Britain Loch Ness
E2351be36fa6546597ab76e0455c5673",,,,,,Tourism,,,,,,,,,,,,,https://wat.adludio.com/games/,e2351be36fa6546597ab76e0455c5673/29610432d8f52f2ba28b,/game.js,https://wat.adludio.com/games/e2351be36fa6546597ab76e0455c5673/29610432d8f52f2ba28b/game.js,,‚¨ÖÔ∏è Swipe left,standard,YES,‚Äì,Travellers ,Display,Full Screen,Engagement rate and CTR,15.61%,Yes,5.53%,Yes,26.46%,No,No,,76.40%,
"Visit Britain Loch Ness
E2351be36fa6546597ab76e0455c5673",,,,,,,,,,,,,,,,,,,https://wat.adludio.com/games/,63f67675b91d220c1c70c7a3cdd3e0ba/2a86e736c9ad292d81d0,/game.js,https://wat.adludio.com/games/63f67675b91d220c1c70c7a3cdd3e0ba/2a86e736c9ad292d81d0/game.js,,,,,,,,Full Screen,,,,,,,,,,,
"Visit Britain Loch Ness
264f64dc868ef3f0d3b9aa62f2731348",,,,,,,,,,,,,,,,,,,https://wat.adludio.com/games/,264f64dc868ef3f0d3b9aa62f2731348/c8cbc6665ccdc1df6aec,/game.js,https://wat.adludio.com/games/264f64dc868ef3f0d3b9aa62f2731348/c8cbc6665ccdc1df6aec/game.js,,,,,,,,Full Screen,,,,,,,,,,,
"Visit Britain Loch Ness
97c5b46813154d72936083631afbd7bc",,,,,,,,,,,,,,,,,,,https://wat.adludio.com/games/,97c5b46813154d72936083631afbd7bc/cdfb367b547143c302a0,/game.js,https://wat.adludio.com/games/97c5b46813154d72936083631afbd7bc/cdfb367b547143c302a0/game.js,,,,,,,,Full Screen,,,,,,,,,,,
"Visit Britain Loch Ness
B8b830b8e881e85b7332157cc42ea014",,,,,,,,,,,,,,,,,,,https://wat.adludio.com/games/,b8b830b8e881e85b7332157cc42ea014/4832ba90e9c81481e8d0,/game.js,https://wat.adludio.com/games/b8b830b8e881e85b7332157cc42ea014/4832ba90e9c81481e8d0/game.js,,,,,,,,Full Screen,,,,,,,,,,,
"Visit Britain Loch Ness
03496ac0c34728fa4fa528070337e8bb",,,,,,,,,,,,,,,,,,,https://wat.adludio.com/games/,03496ac0c34728fa4fa528070337e8bb/aa290e24469f9fad828b,/game.js,https://wat.adludio.com/games/03496ac0c34728fa4fa528070337e8bb/aa290e24469f9fad828b/game.js,,,,,,,,Full Screen,,,,,,,,,,,
"Visit Britain Loch Ness
Visit Britain Fr Vid 2",,,,,,,,,,,,,,,,,,,https://wat.adludio.com/games/,adunit-visit-britain-fr-vid-2/a363183e7c91767f52a4,/game.js,https://wat.adludio.com/games/adunit-visit-britain-fr-vid-2/a363183e7c91767f52a4/game.js,,,,,,,,Full Screen,,,,,,,,,,,
"Visit Britain Loch Ness
8984b6479aacd19faf910afb2dd57474",,,,,,,,,,,,,,,,,,,https://wat.adludio.com/games/,8984b6479aacd19faf910afb2dd57474/dee76cc060205431aceb,/game.js,https://wat.adludio.com/games/8984b6479aacd19faf910afb2dd57474/dee76cc060205431aceb/game.js,,,,,,,,Full Screen,,,,,,,,,,,
"20th Century Fox
Bohemian Rhapsody
Bohemian Rhapsody Dvd",,,,,,"TV, online streaming,
movies",,,,,,,,,,,,,https://wat.adludio.com/games/,adunit-bohemian-rhapsody-dvd/a6ad80158b8c05c9066b,/game.js,https://wat.adludio.com/games/adunit-bohemian-rhapsody-dvd/a6ad80158b8c05c9066b/game.js,QUIZ-GAME,‚¶øüëÜTap,non-standard,YES,‚Äì,"fans of queen
Age 16+ 
Music lovers",Display,Full Screen,5% - 10% engagement rate (Game plays),15.52%,Yes,13.61%,Yes,78.17%,Yes,Yes - internally we removed the game so the unit wouldn't be too heavy (helped open up delivery + increase performance),N/A,78.36%,
"20th Century Fox
Bohemian Rhapsody
Bohemian Rhapsody Test",,,,,,,,,,,,,,,,,,,https://wat.adludio.com/games/,adunit-bohemian-rhapsody-test/b43c5d28ccc8f418170f,/game.js,https://wat.adludio.com/games/adunit-bohemian-rhapsody-test/b43c5d28ccc8f418170f/game.js,,,,,,,,Full Screen,,,,,,,,,,,
"20th Century Fox
Bohemian Rhapsody
D53d375d40c9cf9d613537d670bf4a1b",,,,,,,,,,,,,,,,,,,https://wat.adludio.com/games/,d53d375d40c9cf9d613537d670bf4a1b/5746be1289ff4f1d8bf0,/game.js,https://wat.adludio.com/games/d53d375d40c9cf9d613537d670bf4a1b/5746be1289ff4f1d8bf0/game.js,,,,,,,,MPU,,,,,,,,,,,
"20th Century Fox
Bohemian Rhapsody
Adf8d265ab5b08530ba3df3f750abafd",,,,,,,,,,,,,,,,,,,https://wat.adludio.com/games/,adf8d265ab5b08530ba3df3f750abafd/8d39e7046b0d9c3a559b,/game.js,https://wat.adludio.com/games/adf8d265ab5b08530ba3df3f750abafd/8d39e7046b0d9c3a559b/game.js,,,,,,,,Full Screen,,,,,,,,,,,
Hulu: User Subscription,,,,,,"TV, online streaming,
movies",,,,,,,,,,,,,https://wat.adludio.com/games/,,/game.js,,,üîò Press & Hold,standard,NO,‚Äì,"Fans of the TV show
Age 16+ audience ",Display,,,Still running - TBD,,Still running - TBD,,n/a,n/a,No,n/a,,
"Jo Malone 
Honeysuckle & Davana",,,,,,Beauty,,,,,,,,,,,,,https://wat.adludio.com/games/,adunit-jo-malone-honeysuckle-birm/95f57f795ba68e2bd065,/game.js,https://wat.adludio.com/games/adunit-jo-malone-honeysuckle-birm/95f57f795ba68e2bd065/game.js,,üì≥ Shake,standard,‚Äì,‚Äì,"GEO TARGETED 
ANIMATED MOBILE DISPLAY.
Female A20-35",Display,Full Screen,Engagement rate,15.47%,Yes,,,,,,,81.46%,
"Longchamp Christmas
Longchamp Creative Black Amazon",,,,,,Fashion,,,,,,,,,,,,,https://wat.adludio.com/games/,adunit-longchamp-creative-black-amazon/3cbd08ad625c9c58528f,/game.js,https://wat.adludio.com/games/adunit-longchamp-creative-black-amazon/3cbd08ad625c9c58528f/game.js,DOUBLE INTERACTION,‚¨ÜÔ∏è‚¨áÔ∏è Swipe up & down,non-standard,YES,YES,"
20+ years, men / women
with open interests 
",Display,Full Screen,"CTR, Sales",15.42%,Yes,3.24%,Yes,56.43%,Yes,No,,85.67%,
"Longchamp Christmas
8cbe878af522612e85e149a05258cbd7",,,,,,,,,,,,,,,,,,,https://wat.adludio.com/games/,8cbe878af522612e85e149a05258cbd7/3ee6a512364c8f85da3a,/game.js,https://wat.adludio.com/games/8cbe878af522612e85e149a05258cbd7/3ee6a512364c8f85da3a/game.js,,,,,,,,Full Screen,,,,,,,,,,,
"Longchamp Christmas
Longchamp Natural",,,,,,,,,,,,,,,,,,,https://wat.adludio.com/games/,adunit-longchamp-natural/7d14264559e488cec707,/game.js,https://wat.adludio.com/games/adunit-longchamp-natural/7d14264559e488cec707/game.js,,,,,,,,Full Screen,,,,,,,,,,,
"Longchamp Christmas
51278a4d246147de67938d8bf6a0bab6",,,,,,,,,,,,,,,,,,,https://wat.adludio.com/games/,51278a4d246147de67938d8bf6a0bab6/ae57d9f4b191cabcfa91,/game.js,https://wat.adludio.com/games/51278a4d246147de67938d8bf6a0bab6/ae57d9f4b191cabcfa91/game.js,,,,,,,,MPU,,,,,,,,,,,
"Longchamp Christmas
Longchamp Natural Mpu",,,,,,,,,,,,,,,,,,,https://wat.adludio.com/games/,adunit-longchamp-natural-mpu/fe408c10c3cf589f947a,/game.js,https://wat.adludio.com/games/adunit-longchamp-natural-mpu/fe408c10c3cf589f947a/game.js,,,,,,,,MPU,,,,,,,,,,,
"Longchamp Christmas
Longchamp Creative Black Amazon Mpu",,,,,,,,,,,,,,,,,,,https://wat.adludio.com/games/,adunit-longchamp-creative-black-amazon-mpu/274250890b98fb20e7a0,/game.js,https://wat.adludio.com/games/adunit-longchamp-creative-black-amazon-mpu/274250890b98fb20e7a0/game.js,,,,,,,,MPU,,,,,,,,,,,
"Red Bull
(Music Fest LA)
Redbull La Festival Mob",,,,,,Food & Drink,,,,,,,,,,,,,https://wat.adludio.com/games/,adunit-redbull-la-festival-mob/39efa76b75296f7dd73f,/game.js,https://wat.adludio.com/games/adunit-redbull-la-festival-mob/39efa76b75296f7dd73f/game.js,,„Ä∞Ô∏èüëà Scrub,non-standard,NO,‚Äì,"18-34 yo music lovers  (Hip Hop & EDM
Audiences; Attends Live Events Electronic
Music, Rap & Hip Hop & Photography)",Display,Full Screen,5% - 10% engagemenr rate,13.43%,No,5.68%,Yes,N/A,N/A,No,N/A,64.17%,
"Red Bull
(Music Fest LA)
Redbull La Festival Mpu",,,,,,,,,,,,,,,,,,,https://wat.adludio.com/games/,adunit-redbull-la-festival-mpu/59eb9207c5ea41858de1,/game.js,https://wat.adludio.com/games/adunit-redbull-la-festival-mpu/59eb9207c5ea41858de1/game.js,,,,,,,,MPU,,,,,,,,,,,
"EA Battlefield V
D35e486c83d5837a5e63c967c02fffa5",,,,,,Toys & Games,,,,,,,,,,,,,https://wat.adludio.com/games/,d35e486c83d5837a5e63c967c02fffa5/ff1bbfab75eae343e076,/game.js,https://wat.adludio.com/games/d35e486c83d5837a5e63c967c02fffa5/ff1bbfab75eae343e076/game.js,,‚¨ÜÔ∏è Swipe up,standard,YES,‚Äì,"Adults 16-30
Videogame fans ",Display,MPU,5% - 10% engagemenr rate,13.80%,Yes,14.80%,Yes,n/a,n/a,No,n/a,66.57%,
"EA Battlefield V
26a57f77cdf2b080905575740999e063",,,,,,,,,,,,,,,,,,,https://wat.adludio.com/games/,26a57f77cdf2b080905575740999e063/c5becdb1e8071e45e827,/game.js,https://wat.adludio.com/games/26a57f77cdf2b080905575740999e063/c5becdb1e8071e45e827/game.js,,,,,,,,Full Screen,,,,,,,,,,,
"EA Battlefield V
Fa2e1a47b86688a7c85ed26cb50ea48d",,,,,,,,,,,,,,,,,,,https://wat.adludio.com/games/,fa2e1a47b86688a7c85ed26cb50ea48d/f8fb71636ab41180e3bb,/game.js,https://wat.adludio.com/games/fa2e1a47b86688a7c85ed26cb50ea48d/f8fb71636ab41180e3bb/game.js,,,,,,,,MPU,,,,,,,,,,,
"EA Battlefield V
Df4900b624ae0346bd3d2c1f5fbda3e2",,,,,,,,,,,,,,,,,,,https://wat.adludio.com/games/,df4900b624ae0346bd3d2c1f5fbda3e2/001c204985d952936dfc,/game.js,https://wat.adludio.com/games/df4900b624ae0346bd3d2c1f5fbda3e2/001c204985d952936dfc/game.js,,,,,,,,MPU,,,,,,,,,,,
"EA Battlefield V
Faf628564c645689b14a3c334e4e0464",,,,,,,,,,,,,,,,,,,https://wat.adludio.com/games/,faf628564c645689b14a3c334e4e0464/5f471aba371a2e12ccf0,/game.js,https://wat.adludio.com/games/faf628564c645689b14a3c334e4e0464/5f471aba371a2e12ccf0/game.js,,,,,,,,Full Screen,,,,,,,,,,,
"EA Battlefield V
Bf5 Bio",,,,,,,,,,,,,,,,,,,https://wat.adludio.com/games/,adunit-bf5-bio/1aefcb0c83409d2556c9,/game.js,https://wat.adludio.com/games/adunit-bf5-bio/1aefcb0c83409d2556c9/game.js,,,,,,,,Full Screen,,,,,,,,,,,
"CBS 2019 Grammys
9acaab188ac26ba15f2bc48dac62c17e",,,,,,"TV, online streaming,
movies",,,,,,,,,,,,,https://wat.adludio.com/games/,9acaab188ac26ba15f2bc48dac62c17e/a15898d704de29ff1178,/game.js,https://wat.adludio.com/games/9acaab188ac26ba15f2bc48dac62c17e/a15898d704de29ff1178/game.js,,‚¨ÜÔ∏è Swipe up,standard,YES,‚Äì,"targeting A25-54 and AA25-54 who are live primetime TV viewers that enjoy celebrating music, creativity, and the talented artists",Display,Full Screen,5% - 10% engagemenr rate,13.29%,Yes,19.34%,Yes,n/a,n/a,No,n/a,74.49%,
"CBS 2019 Grammys
C967c473c62f999e463d015a20de4218",,,,,,,,,,,,,,,,,,,https://wat.adludio.com/games/,c967c473c62f999e463d015a20de4218/b02a312f120fa135bed0,/game.js,https://wat.adludio.com/games/c967c473c62f999e463d015a20de4218/b02a312f120fa135bed0/game.js,,,,,,,,MPU,,,,,,,,,,,
"CBS 2019 Grammys
01ff74f83459d92715107dd077782e03",,,,,,,,,,,,,,,,,,,https://wat.adludio.com/games/,01ff74f83459d92715107dd077782e03/5e5e70beab6981a81c36,/game.js,https://wat.adludio.com/games/01ff74f83459d92715107dd077782e03/5e5e70beab6981a81c36/game.js,,,,,,,,Full Screen,,,,,,,,,,,
"CBS 2019 Grammys
3f565b9070ea6f1dc122862f19b6f022",,,,,,,,,,,,,,,,,,,https://wat.adludio.com/games/,3f565b9070ea6f1dc122862f19b6f022/b9261e265dda1940849b,/game.js,https://wat.adludio.com/games/3f565b9070ea6f1dc122862f19b6f022/b9261e265dda1940849b/game.js,,,,,,,,MPU,,,,,,,,,,,
"F&N Nutrisoy 
(Sweet Potato)
C8f88a3dbf3d0f6e8f23baa1a4f7b5b3",,,,,,Food & Drink,,,,,,,,,,,,,https://wat.adludio.com/games/,c8f88a3dbf3d0f6e8f23baa1a4f7b5b3/a5c12c3f0edc9dc1008a,/game.js,https://wat.adludio.com/games/c8f88a3dbf3d0f6e8f23baa1a4f7b5b3/a5c12c3f0edc9dc1008a/game.js,,‚¨áÔ∏è Swipe down,standard,‚Äì,‚Äì,"A30-39 Health conscious urban mothers, 
A25-39 PMEBs seeking balanced lifestyle, 
Millennials",Display,MPU,Engagement rate and CTR,13.19%,NO,4.75%,NO,,,NO,,89.83%,
"F&N Nutrisoy 
(Sweet Potato)
Da393c08cd8ac3f6f1935a6b873635d3",,,,,,,,,,,,,,,,,,,https://wat.adludio.com/games/,da393c08cd8ac3f6f1935a6b873635d3/0a7a5a6da603f0ba4840,/game.js,https://wat.adludio.com/games/da393c08cd8ac3f6f1935a6b873635d3/0a7a5a6da603f0ba4840/game.js,,,,,,,,Full Screen,,,,,,,,,,,
,,,,,,Automotive,,,,,,,,,,,,,https://wat.adludio.com/games/,,/game.js,,USER CHOISE,‚û°Ô∏è Swipe right,non-standard,YES,‚Äì,"Jaguar F type shows off how fast the car is
Fans of Jaguar 
Adults 18-40, Affluent ",Display,Full Screen,Engagements,14.37%,No,14.08%,Yes,8.00%,No,Yes,"Swipe to Tap
Whole screen clickable",63.89%,
"Lexus ES
5c48f6c88bdad6814537bcd5f982b263",,,,,,Automotive,,,,,,,,,,,,,https://wat.adludio.com/games/,5c48f6c88bdad6814537bcd5f982b263/69f1901d3fefb803b130,/game.js,https://wat.adludio.com/games/5c48f6c88bdad6814537bcd5f982b263/69f1901d3fefb803b130/game.js,,‚û°Ô∏è Swipe right,standard,YES,‚Äì,"adults
lexus car buyers
new car buyers",Display,Full Screen,Engagements,14.37%,No,14.08%,Yes,8.00%,No,Yes,"Swipe to Tap
Whole screen clickable",64.57%,
"BMW 3 Series
",,,,,,Automotive,,,,,,,,,,,,,https://wat.adludio.com/games/,cf7c2e2f57a3aed6d4407695b538b757/6d654f7588f320076f1b,/game.js,https://wat.adludio.com/games/cf7c2e2f57a3aed6d4407695b538b757/6d654f7588f320076f1b/game.js,,‚¨ÖÔ∏è Swipe left,standard,‚Äì,YES,"People 30+, Income $8k, 
Automotive Enthusiasts, Interests in 
Competitor Brands, Geo-Location",Display,Full Screen,Engagement rate and CTR,10.46%,NO,2.57%,NO,,,NO,,,
"MooMoney
472d16ed793811746342c8fc7483eaed",,,,,,Governement,,,,,,,,,,,,,https://wat.adludio.com/games/,472d16ed793811746342c8fc7483eaed/03011bbd8e6cf0fc12ca,/game.js,https://wat.adludio.com/games/472d16ed793811746342c8fc7483eaed/03011bbd8e6cf0fc12ca/game.js,,‚¨ÜÔ∏è Swipe up,standard,NO,‚Äì,"Families 
benefits to existing customers ",Display,Full Screen,5% - 10% engagemenr rate,12.12%,Yes,8.25%,Yes,n/a,n/a,No,n/a,96.28%,
"MooMoney
B68631ddfd2170cacb3063f54b0d295f",,,,,,,,,,,,,,,,,,,https://wat.adludio.com/games/,b68631ddfd2170cacb3063f54b0d295f/c267f721c6d045934ce2,/game.js,https://wat.adludio.com/games/b68631ddfd2170cacb3063f54b0d295f/c267f721c6d045934ce2/game.js,,,,,,,,MPU,,,,,,,,,,,
"MooMoney
2a72cf5717df4b5f136c3729183e579a",,,,,,,,,,,,,,,,,,,https://wat.adludio.com/games/,2a72cf5717df4b5f136c3729183e579a/53da0331c72b5a12fda0,/game.js,https://wat.adludio.com/games/2a72cf5717df4b5f136c3729183e579a/53da0331c72b5a12fda0/game.js,,,,,,,,Full Screen,,,,,,,,,,,
"MooMoney
C52e421ddf677f7b52a5cc850c57635d",,,,,,,,,,,,,,,,,,,https://wat.adludio.com/games/,c52e421ddf677f7b52a5cc850c57635d/1d691a27070cb333574a,/game.js,https://wat.adludio.com/games/c52e421ddf677f7b52a5cc850c57635d/1d691a27070cb333574a/game.js,,,,,,,,MPU,,,,,,,,,,,
Ford Focus,,,,,,Automotive,,,,,,,,,,,,,https://wat.adludio.com/games/,4bfd59e4cfab955a8ad17666e75d7c5e/7e7268b98cb7b0995560,/game.js,https://wat.adludio.com/games/4bfd59e4cfab955a8ad17666e75d7c5e/7e7268b98cb7b0995560/game.js,,üîò Press & Hold,standard,YES,‚Äì,"Ford driver fans 
Adults A18-30",Social ,Full Screen,Engagements,9.06%,No,7.52`%,Yes,N/A,N/A,No,N/A,100%,
"Bleecker Street 
(Hotel Mumbai)",,,,,,"TV, online streaming,
movies",,,,,,,,,,,,,https://wat.adludio.com/games/,cc8d963fa253e2d9e2aac730733a60f6/9fba7cbc703e8982710f,/game.js,https://wat.adludio.com/games/cc8d963fa253e2d9e2aac730733a60f6/9fba7cbc703e8982710f/game.js,,üîò Press & Hold,standard,YES,‚Äì,"fans of action and historical events
Age 18+",Display,Full Screen,5% - 10% engagemenr rate,11.59%,Yes,15.25%,Yes,n/a,n/a,No,n/a,70.39%,
"Bleecker Street 
(Hotel Mumbai)
52ffcce239525b3f306d75d55ada443b",,,,,,,,,,,,,,,,,,,https://wat.adludio.com/games/,52ffcce239525b3f306d75d55ada443b/3eec20d90a4478b447c4,/game.js,https://wat.adludio.com/games/52ffcce239525b3f306d75d55ada443b/3eec20d90a4478b447c4/game.js,,,,,,,,MPU,,,,,,,,,,,
"East Kilbride
Summer",,,,,,Shopping Centre,,,,,,,,,,,,,https://wat.adludio.com/games/,4c5c05e4a314f6cc0abc5f072e72b10b/b8f183178de3321da95c,/game.js,https://wat.adludio.com/games/4c5c05e4a314f6cc0abc5f072e72b10b/b8f183178de3321da95c/game.js,,‚¨ÜÔ∏è Swipe up ,standard,‚Äì,‚Äì,"adults
wedding planning
travellers ",,Full Screen,,,,,,,,,,,